strain,fluorescence,intensity,stress
empty,yfp,1032.9651,10mM
empty,yfp,2041.6405,10mM
empty,yfp,861.3415,10mM
empty,yfp,1277.5842,10mM
empty,yfp,1863.5023,10mM
empty,yfp,948.94794,10mM
empty,yfp,1147.6355,10mM
empty,yfp,852.54346,10mM
empty,yfp,1032.4369,10mM
empty,yfp,1184.9626,10mM
empty,yfp,1045.4553,10mM
empty,yfp,2021.6162,10mM
empty,yfp,1263.13,10mM
empty,yfp,1144.6881,10mM
empty,yfp,1104.8835,10mM
empty,yfp,1578.2858,10mM
empty,yfp,862.6532,10mM
empty,yfp,953.8333,10mM
empty,yfp,2248.7068,10mM
empty,yfp,1874.896,10mM
empty,yfp,1956.5703,10mM
empty,yfp,839.1111,10mM
empty,yfp,1810.5,10mM
empty,yfp,767.64545,10mM
empty,yfp,1304.8794,10mM
empty,yfp,1264.6567,10mM
empty,yfp,1839.4257,10mM
empty,yfp,1508.4796,10mM
empty,yfp,1546.7458,10mM
empty,yfp,761.8276,10mM
empty,yfp,1061.4419,10mM
empty,yfp,1158.8966,10mM
empty,yfp,1670.5682,10mM
empty,yfp,755.9468,10mM
empty,yfp,1334.0775,10mM
empty,yfp,1460.2727,10mM
empty,yfp,1257.2053,10mM
empty,yfp,1716.1022,10mM
empty,yfp,1936.7073,10mM
empty,yfp,1185.7008,10mM
empty,yfp,642.9748,10mM
empty,yfp,1496.279,10mM
empty,yfp,1008.6508,10mM
empty,yfp,1475.4777,10mM
empty,yfp,1484.2263,10mM
empty,yfp,1163.1063,10mM
empty,yfp,1505.0687,10mM
empty,yfp,1211.8788,10mM
empty,yfp,1245.1583,10mM
empty,yfp,1056.6979,10mM
empty,yfp,1573.8286,10mM
empty,yfp,1009.4662,10mM
empty,yfp,775.3083,10mM
empty,yfp,1372.5319,10mM
empty,yfp,1952.9774,10mM
empty,yfp,755.88464,10mM
empty,yfp,1626.3264,10mM
empty,yfp,881.85077,10mM
empty,yfp,1146.4508,10mM
empty,yfp,1064.8667,10mM
empty,yfp,755.7099,10mM
empty,yfp,1091.9291,10mM
empty,yfp,1546.8245,10mM
empty,yfp,724.54767,10mM
empty,yfp,830.24475,10mM
empty,yfp,1464.1824,10mM
empty,yfp,897.947,10mM
empty,yfp,1629.2797,10mM
empty,yfp,993.8052,10mM
empty,yfp,1117.6028,10mM
empty,yfp,1117.2721,10mM
empty,yfp,974.05066,10mM
empty,yfp,832.5714,10mM
empty,yfp,1543.0073,10mM
empty,yfp,1605.1776,10mM
empty,yfp,661.5486,10mM
empty,yfp,998.15106,10mM
empty,yfp,932.7832,10mM
empty,yfp,1282,10mM
empty,yfp,1370.6052,10mM
empty,yfp,1991.9104,10mM
empty,yfp,720.66565,10mM
empty,yfp,1402.5918,10mM
empty,yfp,1053.4633,10mM
empty,yfp,2034.6993,10mM
empty,yfp,1638.4933,10mM
empty,yfp,1237.8657,10mM
empty,yfp,867.8392,10mM
empty,yfp,955.3684,10mM
empty,yfp,1301.4497,10mM
empty,yfp,605.73376,10mM
empty,yfp,1230.0486,10mM
empty,yfp,1128.669,10mM
empty,yfp,990.26575,10mM
empty,yfp,2371.6787,10mM
empty,yfp,857.2292,10mM
empty,yfp,2322.8904,10mM
empty,yfp,945.1905,10mM
empty,yfp,971.62024,10mM
empty,yfp,1912.3438,10mM
empty,yfp,1069.5541,10mM
empty,yfp,1574.7812,10mM
empty,yfp,1034.7516,10mM
empty,yfp,1729.7612,10mM
empty,yfp,1436.0392,10mM
empty,yfp,1376.8934,10mM
empty,yfp,1099.5063,10mM
empty,yfp,1812.7902,10mM
empty,yfp,2336.3162,10mM
empty,yfp,1170.6241,10mM
empty,yfp,900.73126,10mM
empty,yfp,843.2237,10mM
empty,yfp,871.2162,10mM
empty,yfp,915.092,10mM
empty,yfp,1825.3933,10mM
empty,yfp,1578.8248,10mM
empty,yfp,959.8328,10mM
empty,yfp,721.4177,10mM
empty,yfp,932.77466,10mM
empty,yfp,990.51495,10mM
empty,yfp,2010.2222,10mM
empty,yfp,753.9627,10mM
empty,yfp,1755.7819,10mM
empty,yfp,1123.1202,10mM
empty,yfp,942.00665,10mM
empty,yfp,1772.7216,10mM
empty,yfp,1505.1892,10mM
empty,yfp,1097.9075,10mM
empty,yfp,1511.6957,10mM
empty,yfp,870.41724,10mM
empty,yfp,1299.0454,10mM
empty,yfp,860.3931,10mM
empty,yfp,1170.75,10mM
empty,yfp,1446.1733,10mM
empty,yfp,1269.3867,10mM
empty,yfp,1258.1301,10mM
empty,yfp,998.2828,10mM
empty,yfp,1300.674,10mM
empty,yfp,1461.1631,10mM
empty,yfp,755.0549,10mM
empty,yfp,933.8402,10mM
empty,yfp,1034.9379,10mM
empty,yfp,1483.6,10mM
empty,yfp,894.8563,10mM
empty,yfp,989.0172,10mM
empty,yfp,724.90625,10mM
empty,yfp,1631.2084,10mM
empty,yfp,820.2438,10mM
empty,yfp,1358.6072,10mM
empty,yfp,1094.4893,10mM
empty,yfp,1761.2097,10mM
empty,yfp,857.40607,10mM
empty,yfp,650.9101,10mM
empty,yfp,1026.3846,10mM
empty,yfp,1760.0328,10mM
empty,yfp,802.29376,10mM
empty,yfp,860.7891,10mM
empty,yfp,1055.0298,10mM
empty,yfp,771.13745,10mM
empty,yfp,1122.1792,10mM
empty,yfp,1838.5914,10mM
empty,yfp,1124.7688,10mM
empty,yfp,985.8117,10mM
empty,yfp,701.0059,10mM
empty,yfp,1231.9584,10mM
empty,yfp,1024.2749,10mM
empty,yfp,1054.484,10mM
empty,yfp,945.8528,10mM
empty,yfp,616.164,10mM
empty,yfp,1202.2395,10mM
empty,yfp,1231.691,10mM
empty,yfp,692.6554,10mM
empty,yfp,931.5714,10mM
empty,yfp,987.8736,10mM
empty,yfp,824.3509,10mM
empty,yfp,558.87933,10mM
empty,yfp,827.98755,10mM
empty,yfp,994.4076,10mM
empty,yfp,985.39154,10mM
empty,yfp,887.9734,10mM
empty,yfp,2082.7815,10mM
empty,yfp,1085.3588,10mM
empty,yfp,852.59784,10mM
empty,yfp,972.5798,10mM
empty,yfp,846.77515,10mM
empty,yfp,1696.4857,10mM
empty,yfp,972.2235,10mM
empty,yfp,710.67444,10mM
empty,yfp,861.9375,10mM
empty,yfp,1336.758,10mM
empty,yfp,703.1429,10mM
empty,yfp,1175.3738,10mM
empty,yfp,1770.183,10mM
empty,yfp,889.44507,10mM
empty,yfp,1731.2147,10mM
empty,yfp,2200.4214,10mM
empty,yfp,908.5181,10mM
empty,yfp,941.33704,10mM
empty,yfp,1415.3552,10mM
empty,yfp,1112.7283,10mM
empty,yfp,959.0714,10mM
empty,yfp,1119.1492,10mM
empty,yfp,776.2656,10mM
empty,yfp,936.0958,10mM
empty,yfp,976.8248,10mM
empty,yfp,1142.0406,10mM
empty,yfp,2185.3208,10mM
empty,yfp,1237.3492,10mM
empty,yfp,864.7988,10mM
empty,yfp,920.65466,10mM
empty,yfp,1041.8103,10mM
empty,yfp,1188.7733,10mM
empty,yfp,1248.7572,10mM
empty,yfp,1350.1129,10mM
empty,yfp,960.3579,10mM
empty,yfp,957.2123,10mM
empty,yfp,993.1042,10mM
empty,yfp,2296.1604,10mM
empty,yfp,849.2625,10mM
empty,yfp,950.17145,10mM
empty,yfp,1875.2023,10mM
empty,yfp,1428.1058,10mM
empty,yfp,932.4947,10mM
empty,yfp,847.5746,10mM
empty,yfp,1071.858,10mM
empty,yfp,980.2515,10mM
empty,yfp,1303.8457,10mM
empty,yfp,1085.3641,10mM
empty,yfp,894.8216,10mM
empty,yfp,895.00555,10mM
empty,yfp,1247.2172,10mM
empty,yfp,1257.0608,10mM
empty,yfp,648.8461,10mM
empty,yfp,1099.1274,10mM
empty,yfp,715.64435,10mM
empty,yfp,1900.0995,10mM
empty,yfp,1685.4736,10mM
empty,yfp,885.68304,10mM
empty,yfp,1707.3646,10mM
empty,yfp,965.19385,10mM
empty,yfp,723.0526,10mM
empty,yfp,1748.7157,10mM
empty,yfp,1389.7526,10mM
empty,yfp,1842.7795,10mM
empty,yfp,838.0784,10mM
empty,yfp,712.1706,10mM
empty,yfp,840.81665,10mM
empty,yfp,553.179,10mM
empty,yfp,1000.2723,10mM
empty,yfp,1259.6232,10mM
empty,yfp,1191.9526,10mM
empty,yfp,1213.4879,10mM
empty,yfp,519.20953,10mM
empty,yfp,1225.3368,10mM
empty,yfp,1758.7028,10mM
empty,yfp,714.1492,10mM
empty,yfp,1813.064,10mM
empty,yfp,739.3515,10mM
empty,yfp,1914.799,10mM
empty,yfp,894.2527,10mM
empty,yfp,947.2713,10mM
empty,yfp,1929.1708,10mM
empty,yfp,1144.4717,10mM
empty,yfp,872.5074,10mM
empty,yfp,2173.1038,10mM
empty,yfp,1234.0333,10mM
empty,yfp,1542.5327,10mM
empty,yfp,1120.7,10mM
empty,yfp,1059.402,10mM
empty,yfp,1455.7546,10mM
empty,yfp,986.89624,10mM
empty,yfp,2438.6719,10mM
empty,yfp,788.0582,10mM
empty,yfp,856.67566,10mM
empty,yfp,1750.0432,10mM
empty,yfp,922.7366,10mM
empty,yfp,600.2783,10mM
empty,yfp,890.5023,10mM
empty,yfp,1117.5742,10mM
empty,yfp,1232.912,10mM
empty,yfp,854.4,10mM
empty,yfp,1226.5359,10mM
empty,yfp,1034.8986,10mM
empty,yfp,962.62695,10mM
empty,yfp,963.87756,10mM
empty,yfp,958.0676,10mM
empty,yfp,576.9792,10mM
empty,yfp,789.3402,10mM
empty,yfp,860.0922,10mM
empty,yfp,985.6338,10mM
empty,yfp,1073.8226,10mM
empty,yfp,2546.827,10mM
empty,yfp,969.88947,10mM
empty,yfp,1021.2258,10mM
empty,yfp,1329.1754,10mM
empty,yfp,934.4541,10mM
empty,yfp,926.92706,10mM
empty,yfp,1276.8872,10mM
empty,yfp,770.3493,10mM
empty,yfp,1259.1602,10mM
empty,yfp,1110.2316,10mM
empty,yfp,1059.554,10mM
empty,yfp,673.9353,10mM
empty,yfp,702.7633,10mM
empty,yfp,1147.2764,10mM
empty,yfp,1314.2626,10mM
empty,yfp,1151.5154,10mM
empty,yfp,1467.5519,10mM
empty,yfp,1535.6782,10mM
empty,yfp,1109.5101,10mM
empty,yfp,775.5184,10mM
empty,yfp,1493.686,10mM
empty,yfp,1142.2281,10mM
empty,yfp,980.32684,10mM
empty,yfp,788.89655,10mM
empty,yfp,923.63086,10mM
empty,yfp,1298.3427,10mM
empty,yfp,2189.995,10mM
empty,yfp,1151.7441,10mM
empty,yfp,933.8502,10mM
empty,yfp,1195.614,10mM
empty,yfp,926.66364,10mM
empty,yfp,842.2067,10mM
empty,yfp,954.1991,10mM
empty,yfp,1360.8146,10mM
empty,yfp,1201.385,10mM
empty,yfp,767.08295,10mM
empty,yfp,905.7909,10mM
empty,yfp,1127.536,10mM
empty,yfp,1194.5149,10mM
empty,yfp,1147.587,10mM
empty,yfp,2047.0563,10mM
empty,yfp,1323.4929,10mM
empty,yfp,1246.3538,10mM
empty,yfp,2128.9243,10mM
empty,yfp,1477.7463,10mM
empty,yfp,1513.1138,10mM
empty,yfp,1018.81903,10mM
empty,yfp,1287.92,10mM
empty,yfp,1069,10mM
empty,yfp,1805.2444,10mM
empty,yfp,1404.5088,10mM
empty,yfp,811.4643,10mM
empty,yfp,1311.9677,10mM
empty,yfp,2520.8801,10mM
empty,yfp,1717.9691,10mM
empty,yfp,894.44055,10mM
empty,yfp,929.4773,10mM
empty,yfp,1422.9788,10mM
empty,yfp,895.3257,10mM
empty,yfp,921.2279,10mM
empty,yfp,778.45984,10mM
empty,yfp,1188.157,10mM
empty,yfp,1092.9534,10mM
empty,yfp,985.4619,10mM
empty,yfp,981.0959,10mM
empty,yfp,767.4091,10mM
empty,yfp,1333.5983,10mM
empty,yfp,663.7401,10mM
empty,yfp,919.76447,10mM
empty,yfp,1471.6786,10mM
empty,yfp,1904.0164,10mM
empty,yfp,1799.1339,10mM
empty,yfp,1077.1772,10mM
empty,yfp,550.8937,10mM
empty,yfp,577.98645,10mM
empty,yfp,840.0929,10mM
empty,yfp,871.3347,10mM
empty,yfp,1683.6466,10mM
empty,yfp,938.06085,10mM
empty,yfp,1339.0444,10mM
empty,yfp,669.15576,10mM
empty,yfp,1054.7423,10mM
empty,yfp,788.5721,10mM
empty,yfp,1516.4419,10mM
empty,yfp,1085.3489,10mM
empty,yfp,1182.8008,10mM
empty,yfp,719.69366,10mM
empty,yfp,963.95,10mM
empty,yfp,742.57776,10mM
empty,yfp,1347.183,10mM
empty,yfp,786.58746,10mM
empty,yfp,1041.359,10mM
empty,yfp,1620.797,10mM
empty,yfp,1285.7489,10mM
empty,yfp,2309.9446,10mM
empty,yfp,1216.8092,10mM
empty,yfp,707.1947,10mM
empty,yfp,832.65,10mM
empty,yfp,850.24506,10mM
empty,yfp,883.0785,10mM
empty,yfp,1218.4711,10mM
empty,yfp,1746.966,10mM
empty,yfp,1045.0763,10mM
empty,yfp,589.6611,10mM
empty,yfp,1364.4597,10mM
empty,yfp,900.08777,10mM
empty,yfp,865.9148,10mM
empty,yfp,1140.0767,10mM
empty,yfp,1460.1174,10mM
empty,yfp,1667.8346,10mM
empty,yfp,1215.6936,10mM
empty,yfp,1115.4855,10mM
empty,yfp,1050.1825,10mM
empty,yfp,554.1387,10mM
empty,yfp,1643.6755,10mM
empty,yfp,850.55646,10mM
empty,yfp,1437.1713,10mM
empty,yfp,924.77905,10mM
empty,yfp,815.549,10mM
empty,yfp,1370.3556,10mM
empty,yfp,1830.8125,10mM
empty,yfp,1098.243,10mM
empty,yfp,1154.7428,10mM
empty,yfp,1884.4708,10mM
empty,yfp,855.38696,10mM
empty,yfp,2520.8765,10mM
empty,yfp,1223.1201,10mM
empty,yfp,966.9642,10mM
empty,yfp,894.6091,10mM
empty,yfp,1121.7306,10mM
empty,yfp,1245.3948,10mM
empty,yfp,1229.3232,10mM
empty,yfp,1011.88477,10mM
empty,yfp,1311.2776,10mM
empty,yfp,1029.4557,10mM
empty,yfp,1150.0977,10mM
empty,yfp,1160.7115,10mM
empty,yfp,1338.1473,10mM
empty,yfp,1708.0035,10mM
empty,yfp,1536.0116,10mM
empty,yfp,767.916,10mM
empty,yfp,776.9771,10mM
empty,yfp,1236.9062,10mM
empty,yfp,1143.7273,10mM
empty,yfp,1159.7196,10mM
empty,yfp,1110.6641,10mM
empty,yfp,1078.3369,10mM
empty,yfp,1463.1124,10mM
empty,yfp,1263.256,10mM
empty,yfp,1024.4568,10mM
empty,yfp,915.04364,10mM
empty,yfp,1198.7012,10mM
empty,yfp,760.2518,10mM
empty,yfp,1913.4877,10mM
empty,yfp,850.57666,10mM
empty,yfp,784.76227,10mM
empty,yfp,1179.4414,10mM
empty,yfp,1312.1774,10mM
empty,yfp,1360.9261,10mM
empty,yfp,1111.131,10mM
empty,yfp,873.17975,10mM
empty,yfp,1166.7446,10mM
empty,yfp,1046.9517,10mM
empty,yfp,1086.3629,10mM
empty,yfp,1590.292,10mM
empty,yfp,1479.5258,10mM
empty,yfp,1361.0293,10mM
empty,yfp,1422.281,10mM
empty,yfp,562.34076,10mM
empty,yfp,1770.674,10mM
empty,yfp,860.2073,10mM
empty,yfp,2089.0535,10mM
empty,yfp,1166.2183,10mM
empty,yfp,1451.6061,10mM
empty,yfp,1044.7965,10mM
empty,yfp,1211.5823,10mM
empty,yfp,1010.54,10mM
empty,yfp,1270.959,10mM
yoaI,yfp,848.8182,10mM
yoaI,yfp,1114.747,10mM
yoaI,yfp,755.4286,10mM
yoaI,yfp,550.8889,10mM
yoaI,yfp,1107.9886,10mM
yoaI,yfp,384.41757,10mM
yoaI,yfp,377.12857,10mM
yoaI,yfp,886.1519,10mM
yoaI,yfp,392.21054,10mM
yoaI,yfp,440.2553,10mM
yoaI,yfp,396.06317,10mM
yoaI,yfp,485.6979,10mM
yoaI,yfp,1419.5051,10mM
yoaI,yfp,381.43564,10mM
yoaI,yfp,887.1212,10mM
yoaI,yfp,826.06744,10mM
yoaI,yfp,398.1354,10mM
yoaI,yfp,1134.75,10mM
yoaI,yfp,849.48,10mM
yoaI,yfp,435.78912,10mM
yoaI,yfp,723.7547,10mM
yoaI,yfp,501.61865,10mM
yoaI,yfp,389.6422,10mM
yoaI,yfp,1096.9259,10mM
yoaI,yfp,964.4039,10mM
yoaI,yfp,886.24,10mM
yoaI,yfp,702.2155,10mM
yoaI,yfp,663.5263,10mM
yoaI,yfp,1303.7596,10mM
yoaI,yfp,495.47574,10mM
yoaI,yfp,1393.088,10mM
yoaI,yfp,780.64514,10mM
yoaI,yfp,721.6967,10mM
yoaI,yfp,867.00867,10mM
yoaI,yfp,739.1532,10mM
yoaI,yfp,651.14465,10mM
yoaI,yfp,903.54456,10mM
yoaI,yfp,1087.8385,10mM
yoaI,yfp,515.2569,10mM
yoaI,yfp,488.94736,10mM
yoaI,yfp,1382.3657,10mM
yoaI,yfp,1587.7891,10mM
yoaI,yfp,897.7913,10mM
yoaI,yfp,716.056,10mM
yoaI,yfp,830.8772,10mM
yoaI,yfp,809.38214,10mM
yoaI,yfp,1016.98505,10mM
yoaI,yfp,515.1773,10mM
yoaI,yfp,755.07874,10mM
yoaI,yfp,775.63477,10mM
yoaI,yfp,1122.9098,10mM
yoaI,yfp,533.70337,10mM
yoaI,yfp,599.96295,10mM
yoaI,yfp,1507.25,10mM
yoaI,yfp,373.5238,10mM
yoaI,yfp,898.45764,10mM
yoaI,yfp,495.52844,10mM
yoaI,yfp,564.30255,10mM
yoaI,yfp,1666.4198,10mM
yoaI,yfp,1035.229,10mM
yoaI,yfp,981.01666,10mM
yoaI,yfp,860.25,10mM
yoaI,yfp,846.0842,10mM
yoaI,yfp,776.8943,10mM
yoaI,yfp,1231.3604,10mM
yoaI,yfp,394.69525,10mM
yoaI,yfp,642.51166,10mM
yoaI,yfp,1221.1951,10mM
yoaI,yfp,715.8872,10mM
yoaI,yfp,423.04544,10mM
yoaI,yfp,580.2248,10mM
yoaI,yfp,1478,10mM
yoaI,yfp,511.99237,10mM
yoaI,yfp,458.50757,10mM
yoaI,yfp,961.507,10mM
yoaI,yfp,534.3603,10mM
yoaI,yfp,632.5753,10mM
yoaI,yfp,752.82996,10mM
yoaI,yfp,598.9885,10mM
yoaI,yfp,746.7107,10mM
yoaI,yfp,556.6449,10mM
yoaI,yfp,768.35626,10mM
yoaI,yfp,1264.0928,10mM
yoaI,yfp,634.2632,10mM
yoaI,yfp,466.92413,10mM
yoaI,yfp,442.91428,10mM
yoaI,yfp,829.14905,10mM
yoaI,yfp,529.9871,10mM
yoaI,yfp,959.2857,10mM
yoaI,yfp,486.34592,10mM
yoaI,yfp,1071.8595,10mM
yoaI,yfp,577.17645,10mM
yoaI,yfp,557.5577,10mM
yoaI,yfp,694.7325,10mM
yoaI,yfp,1077.9054,10mM
yoaI,yfp,524.6646,10mM
yoaI,yfp,532.3,10mM
yoaI,yfp,485.5105,10mM
yoaI,yfp,656.6954,10mM
yoaI,yfp,451.6138,10mM
yoaI,yfp,467.47098,10mM
yoaI,yfp,1084.7192,10mM
yoaI,yfp,850.53125,10mM
yoaI,yfp,651.69934,10mM
yoaI,yfp,610.2566,10mM
yoaI,yfp,764.1125,10mM
yoaI,yfp,824.8302,10mM
yoaI,yfp,377.48795,10mM
yoaI,yfp,1194.732,10mM
yoaI,yfp,432.4589,10mM
yoaI,yfp,1009.0216,10mM
yoaI,yfp,532.84,10mM
yoaI,yfp,490.21085,10mM
yoaI,yfp,1518.0684,10mM
yoaI,yfp,778.89746,10mM
yoaI,yfp,1323.7823,10mM
yoaI,yfp,440.9753,10mM
yoaI,yfp,707.6805,10mM
yoaI,yfp,581.85065,10mM
yoaI,yfp,536.6558,10mM
yoaI,yfp,696.0247,10mM
yoaI,yfp,427.0845,10mM
yoaI,yfp,1341.689,10mM
yoaI,yfp,805.2629,10mM
yoaI,yfp,1005.27374,10mM
yoaI,yfp,609.08386,10mM
yoaI,yfp,549.2828,10mM
yoaI,yfp,400.60785,10mM
yoaI,yfp,506.8161,10mM
yoaI,yfp,464.71606,10mM
yoaI,yfp,870.98285,10mM
yoaI,yfp,959.38556,10mM
yoaI,yfp,430.3212,10mM
yoaI,yfp,470.95093,10mM
yoaI,yfp,657.08936,10mM
yoaI,yfp,1128.4546,10mM
yoaI,yfp,564.1639,10mM
yoaI,yfp,515.1566,10mM
yoaI,yfp,427.9661,10mM
yoaI,yfp,393.46542,10mM
yoaI,yfp,494.50848,10mM
yoaI,yfp,740.8266,10mM
yoaI,yfp,998.88464,10mM
yoaI,yfp,1242.4681,10mM
yoaI,yfp,496.3314,10mM
yoaI,yfp,837.27905,10mM
yoaI,yfp,483.46448,10mM
yoaI,yfp,1175.5375,10mM
yoaI,yfp,593.6591,10mM
yoaI,yfp,954.68475,10mM
yoaI,yfp,642.60266,10mM
yoaI,yfp,630.5027,10mM
yoaI,yfp,670.26556,10mM
yoaI,yfp,443.8256,10mM
yoaI,yfp,491.05063,10mM
yoaI,yfp,392.11447,10mM
yoaI,yfp,995.07104,10mM
yoaI,yfp,772.382,10mM
yoaI,yfp,653.62335,10mM
yoaI,yfp,723.8994,10mM
yoaI,yfp,753.43933,10mM
yoaI,yfp,1102.0326,10mM
yoaI,yfp,460.12717,10mM
yoaI,yfp,634.88165,10mM
yoaI,yfp,488.9697,10mM
yoaI,yfp,1902.7542,10mM
yoaI,yfp,633.48224,10mM
yoaI,yfp,427.56805,10mM
yoaI,yfp,375.4682,10mM
yoaI,yfp,481.6946,10mM
yoaI,yfp,450.73126,10mM
yoaI,yfp,526.25134,10mM
yoaI,yfp,645.9209,10mM
yoaI,yfp,398.04733,10mM
yoaI,yfp,386.68527,10mM
yoaI,yfp,710.09644,10mM
yoaI,yfp,788.95605,10mM
yoaI,yfp,840.50415,10mM
yoaI,yfp,575.9235,10mM
yoaI,yfp,625.5455,10mM
yoaI,yfp,636.19025,10mM
yoaI,yfp,503.38068,10mM
yoaI,yfp,783.82776,10mM
yoaI,yfp,452.34637,10mM
yoaI,yfp,723.14355,10mM
yoaI,yfp,551.9326,10mM
yoaI,yfp,768.0986,10mM
yoaI,yfp,674.3614,10mM
yoaI,yfp,456.00967,10mM
yoaI,yfp,796.28107,10mM
yoaI,yfp,686.0428,10mM
yoaI,yfp,479.13846,10mM
yoaI,yfp,1037.8984,10mM
yoaI,yfp,757.7039,10mM
yoaI,yfp,756.20386,10mM
yoaI,yfp,1247.5024,10mM
yoaI,yfp,1072.5265,10mM
yoaI,yfp,670.8836,10mM
yoaI,yfp,773.62946,10mM
yoaI,yfp,628.948,10mM
yoaI,yfp,497.06122,10mM
yoaI,yfp,498.83334,10mM
yoaI,yfp,483.3389,10mM
yoaI,yfp,897.5213,10mM
yoaI,yfp,1160.9375,10mM
yoaI,yfp,780.39716,10mM
yoaI,yfp,646.05853,10mM
yoaI,yfp,578.0213,10mM
yoaI,yfp,917.85126,10mM
yoaI,yfp,458.5077,10mM
yoaI,yfp,971.75,10mM
yoaI,yfp,653.3073,10mM
yoaI,yfp,903.4072,10mM
yoaI,yfp,613.0565,10mM
yoaI,yfp,498.015,10mM
yoaI,yfp,962.092,10mM
yoaI,yfp,406.9602,10mM
yoaI,yfp,461.3315,10mM
yoaI,yfp,381.42438,10mM
yoaI,yfp,1141.4615,10mM
yoaI,yfp,461.82178,10mM
yoaI,yfp,671.3239,10mM
yoaI,yfp,597.4972,10mM
yoaI,yfp,702.81775,10mM
yoaI,yfp,452.035,10mM
yoaI,yfp,875.034,10mM
yoaI,yfp,559.799,10mM
yoaI,yfp,510.18518,10mM
yoaI,yfp,390.78378,10mM
yoaI,yfp,626.3333,10mM
yoaI,yfp,542.971,10mM
yoaI,yfp,504.83408,10mM
yoaI,yfp,378.7235,10mM
yoaI,yfp,535.8708,10mM
yoaI,yfp,419.64062,10mM
yoaI,yfp,421.6169,10mM
yoaI,yfp,677.789,10mM
yoaI,yfp,415.70047,10mM
yoaI,yfp,539.3768,10mM
yoaI,yfp,806.82587,10mM
yoaI,yfp,554.86285,10mM
yoaI,yfp,415.20398,10mM
yoaI,yfp,622.545,10mM
yoaI,yfp,680.45544,10mM
yoaI,yfp,426.9853,10mM
yoaI,yfp,451.87045,10mM
yoaI,yfp,706.3713,10mM
yoaI,yfp,449.5169,10mM
yoaI,yfp,581.7363,10mM
yoaI,yfp,428.7971,10mM
yoaI,yfp,718.8071,10mM
yoaI,yfp,412.63242,10mM
yoaI,yfp,418.38538,10mM
yoaI,yfp,394.0214,10mM
yoaI,yfp,566.00476,10mM
yoaI,yfp,1019.9676,10mM
yoaI,yfp,879.93695,10mM
yoaI,yfp,393.57144,10mM
yoaI,yfp,444.17062,10mM
yoaI,yfp,523.0146,10mM
yoaI,yfp,395.45663,10mM
yoaI,yfp,1424.8319,10mM
yoaI,yfp,575.35046,10mM
yoaI,yfp,441.4354,10mM
yoaI,yfp,915.07275,10mM
yoaI,yfp,1096.205,10mM
yoaI,yfp,984.6934,10mM
yoaI,yfp,563.6908,10mM
yoaI,yfp,623.80634,10mM
yoaI,yfp,632.69696,10mM
yoaI,yfp,625.4727,10mM
yoaI,yfp,429.87946,10mM
yoaI,yfp,514.9537,10mM
yoaI,yfp,443.3729,10mM
yoaI,yfp,643.8889,10mM
yoaI,yfp,531.28754,10mM
yoaI,yfp,700.2712,10mM
yoaI,yfp,1151.5238,10mM
yoaI,yfp,578.34375,10mM
yoaI,yfp,671.4936,10mM
yoaI,yfp,617.6233,10mM
yoaI,yfp,771.9095,10mM
yoaI,yfp,632.9914,10mM
yoaI,yfp,540.0354,10mM
yoaI,yfp,447.4673,10mM
yoaI,yfp,384.5841,10mM
yoaI,yfp,447.47534,10mM
yoaI,yfp,424.13553,10mM
yoaI,yfp,372.19684,10mM
yoaI,yfp,547.9717,10mM
yoaI,yfp,531.9394,10mM
yoaI,yfp,723.5108,10mM
yoaI,yfp,629.7733,10mM
yoaI,yfp,527.891,10mM
yoaI,yfp,1041.6082,10mM
yoaI,yfp,509.0543,10mM
yoaI,yfp,902.8522,10mM
yoaI,yfp,1035.3,10mM
yoaI,yfp,706.31494,10mM
yoaI,yfp,443.26852,10mM
yoaI,yfp,495.9701,10mM
yoaI,yfp,478.90735,10mM
yoaI,yfp,840.56604,10mM
yoaI,yfp,1048.313,10mM
yoaI,yfp,1259.428,10mM
yoaI,yfp,788.6578,10mM
yoaI,yfp,854.0464,10mM
yoaI,yfp,630.3,10mM
yoaI,yfp,584.73755,10mM
yoaI,yfp,821.839,10mM
yoaI,yfp,688.48303,10mM
yoaI,yfp,615.84436,10mM
yoaI,yfp,804.7956,10mM
yoaI,yfp,551.0085,10mM
yoaI,yfp,542.3827,10mM
yoaI,yfp,634.4141,10mM
yoaI,yfp,972.0511,10mM
yoaI,yfp,524.8502,10mM
yoaI,yfp,697.1628,10mM
yoaI,yfp,439.54044,10mM
yoaI,yfp,566.2252,10mM
yoaI,yfp,634.3319,10mM
yoaI,yfp,432.03818,10mM
yoaI,yfp,647.75964,10mM
yoaI,yfp,1221.738,10mM
yoaI,yfp,535.5081,10mM
yoaI,yfp,705.336,10mM
yoaI,yfp,529.30084,10mM
yoaI,yfp,672.71643,10mM
yoaI,yfp,447.91763,10mM
yoaI,yfp,489.5621,10mM
yoaI,yfp,527.239,10mM
yoaI,yfp,440.5887,10mM
yoaI,yfp,387.2008,10mM
yoaI,yfp,492.23737,10mM
yoaI,yfp,440.88608,10mM
yoaI,yfp,980.5513,10mM
yoaI,yfp,557.369,10mM
yoaI,yfp,486.0909,10mM
yoaI,yfp,464.89755,10mM
yoaI,yfp,589.2689,10mM
yoaI,yfp,451.9538,10mM
yoaI,yfp,608.8548,10mM
yoaI,yfp,773.6836,10mM
yoaI,yfp,455.1281,10mM
yoaI,yfp,1113.2852,10mM
yoaI,yfp,684.8345,10mM
yoaI,yfp,604.4308,10mM
yoaI,yfp,519.9278,10mM
yoaI,yfp,385.30676,10mM
yoaI,yfp,706.4355,10mM
yoaI,yfp,1050.5903,10mM
yoaI,yfp,640.7299,10mM
yoaI,yfp,548.6393,10mM
yoaI,yfp,750.7112,10mM
yoaI,yfp,1119.8582,10mM
yoaI,yfp,700.67444,10mM
yoaI,yfp,478.14124,10mM
yoaI,yfp,614.0476,10mM
yoaI,yfp,590.96045,10mM
yoaI,yfp,566.7383,10mM
yoaI,yfp,501.95578,10mM
yoaI,yfp,770.5,10mM
yoaI,yfp,881.0202,10mM
yoaI,yfp,649.09753,10mM
yoaI,yfp,446.53506,10mM
yoaI,yfp,678.18414,10mM
yoaI,yfp,600.7107,10mM
yoaI,yfp,533.476,10mM
yoaI,yfp,551.43414,10mM
yoaI,yfp,654.2211,10mM
yoaI,yfp,543.0331,10mM
yoaI,yfp,461.73853,10mM
yoaI,yfp,534.46124,10mM
yoaI,yfp,482.1493,10mM
yoaI,yfp,604.94794,10mM
yoaI,yfp,595.75,10mM
yoaI,yfp,1024.3092,10mM
yoaI,yfp,561.8885,10mM
yoaI,yfp,656.12103,10mM
yoaI,yfp,599.96466,10mM
yoaI,yfp,433.62128,10mM
yoaI,yfp,521.9075,10mM
yoaI,yfp,778.5068,10mM
yoaI,yfp,607.2997,10mM
yoaI,yfp,713.8395,10mM
yoaI,yfp,730.603,10mM
yoaI,yfp,482.92053,10mM
yoaI,yfp,482.43878,10mM
yoaI,yfp,893.853,10mM
yoaI,yfp,427.4083,10mM
yoaI,yfp,482.24506,10mM
yoaI,yfp,511.76724,10mM
yoaI,yfp,748.25366,10mM
yoaI,yfp,1458.5829,10mM
yoaI,yfp,636.5562,10mM
yoaI,yfp,1081.9209,10mM
yoaI,yfp,523.6043,10mM
yoaI,yfp,873.438,10mM
yoaI,yfp,572.4776,10mM
yoaI,yfp,744.5765,10mM
yoaI,yfp,635.3743,10mM
yoaI,yfp,1114.2804,10mM
empty,yfp,930.96106,no_mg
empty,yfp,1058.425,no_mg
empty,yfp,1031.6195,no_mg
empty,yfp,657.07367,no_mg
empty,yfp,1264.4667,no_mg
empty,yfp,1561.2317,no_mg
empty,yfp,636.8571,no_mg
empty,yfp,836.5161,no_mg
empty,yfp,1104.3838,no_mg
empty,yfp,970.3684,no_mg
empty,yfp,667.3421,no_mg
empty,yfp,1778.7222,no_mg
empty,yfp,918.1698,no_mg
empty,yfp,876.54346,no_mg
empty,yfp,689.19415,no_mg
empty,yfp,1129.5962,no_mg
empty,yfp,646.3945,no_mg
empty,yfp,1704.8656,no_mg
empty,yfp,574.5098,no_mg
empty,yfp,835.3714,no_mg
empty,yfp,1635.5226,no_mg
empty,yfp,1480.9913,no_mg
empty,yfp,2599.087,no_mg
empty,yfp,1578.4248,no_mg
empty,yfp,930.3148,no_mg
empty,yfp,507.35345,no_mg
empty,yfp,1381.6637,no_mg
empty,yfp,1123.4318,no_mg
empty,yfp,977.6667,no_mg
empty,yfp,1689.1353,no_mg
empty,yfp,595.90564,no_mg
empty,yfp,1377.691,no_mg
empty,yfp,1967.6074,no_mg
empty,yfp,1766.5887,no_mg
empty,yfp,1747.6449,no_mg
empty,yfp,1036.195,no_mg
empty,yfp,1243.1951,no_mg
empty,yfp,1196.762,no_mg
empty,yfp,852.2248,no_mg
empty,yfp,1197.2677,no_mg
empty,yfp,889.5825,no_mg
empty,yfp,2164.9092,no_mg
empty,yfp,1860.5416,no_mg
empty,yfp,842.74164,no_mg
empty,yfp,923.2823,no_mg
empty,yfp,2301.6953,no_mg
empty,yfp,898.4737,no_mg
empty,yfp,605.373,no_mg
empty,yfp,816.86993,no_mg
empty,yfp,1006.44183,no_mg
empty,yfp,2230.244,no_mg
empty,yfp,740.01495,no_mg
empty,yfp,1039.6794,no_mg
empty,yfp,2110.875,no_mg
empty,yfp,697.1014,no_mg
empty,yfp,569.6222,no_mg
empty,yfp,873.5854,no_mg
empty,yfp,1224.0223,no_mg
empty,yfp,864.2692,no_mg
empty,yfp,452.77942,no_mg
empty,yfp,849.252,no_mg
empty,yfp,781.5944,no_mg
empty,yfp,855.40625,no_mg
empty,yfp,1003.2653,no_mg
empty,yfp,586.5316,no_mg
empty,yfp,886.7483,no_mg
empty,yfp,635.3179,no_mg
empty,yfp,1308.72,no_mg
empty,yfp,829.5578,no_mg
empty,yfp,902.03796,no_mg
empty,yfp,721.9026,no_mg
empty,yfp,576.44446,no_mg
empty,yfp,1052.9304,no_mg
empty,yfp,1098.3595,no_mg
empty,yfp,1173.2354,no_mg
empty,yfp,1228.2036,no_mg
empty,yfp,909.09656,no_mg
empty,yfp,1577.5228,no_mg
empty,yfp,1565.7216,no_mg
empty,yfp,1425.7961,no_mg
empty,yfp,995.7117,no_mg
empty,yfp,2488.114,no_mg
empty,yfp,1014.5641,no_mg
empty,yfp,1149.2892,no_mg
empty,yfp,1122.7953,no_mg
empty,yfp,1230.9664,no_mg
empty,yfp,697.0108,no_mg
empty,yfp,973.4593,no_mg
empty,yfp,682.87006,no_mg
empty,yfp,860.94183,no_mg
empty,yfp,512.9518,no_mg
empty,yfp,943.7657,no_mg
empty,yfp,870.46063,no_mg
empty,yfp,1471.8771,no_mg
empty,yfp,956.3466,no_mg
empty,yfp,1186.9386,no_mg
empty,yfp,1229.6508,no_mg
empty,yfp,3381.7715,no_mg
empty,yfp,647.7068,no_mg
empty,yfp,1045.4805,no_mg
empty,yfp,1230.635,no_mg
empty,yfp,1465.1047,no_mg
empty,yfp,537.4474,no_mg
empty,yfp,766.31506,no_mg
empty,yfp,1213.1196,no_mg
empty,yfp,915.4316,no_mg
empty,yfp,885.5163,no_mg
empty,yfp,666.9902,no_mg
empty,yfp,784.9853,no_mg
empty,yfp,863.7407,no_mg
empty,yfp,671.5,no_mg
empty,yfp,660.79144,no_mg
empty,yfp,943.38354,no_mg
empty,yfp,596.6422,no_mg
empty,yfp,590.3866,no_mg
empty,yfp,1268.3306,no_mg
empty,yfp,1354.2108,no_mg
empty,yfp,772.7573,no_mg
empty,yfp,1369.394,no_mg
empty,yfp,808.8289,no_mg
empty,yfp,670.50415,no_mg
empty,yfp,1027.131,no_mg
empty,yfp,701.11523,no_mg
empty,yfp,957.54346,no_mg
empty,yfp,1203.9956,no_mg
empty,yfp,570.9106,no_mg
empty,yfp,741.60785,no_mg
empty,yfp,569.67114,no_mg
empty,yfp,568.0888,no_mg
empty,yfp,919.0324,no_mg
empty,yfp,577.6339,no_mg
empty,yfp,693.5723,no_mg
empty,yfp,803.6986,no_mg
empty,yfp,519.53705,no_mg
empty,yfp,525.4652,no_mg
empty,yfp,648.41205,no_mg
empty,yfp,876.75,no_mg
empty,yfp,836.7832,no_mg
empty,yfp,577.85394,no_mg
empty,yfp,562.9328,no_mg
empty,yfp,608.5916,no_mg
empty,yfp,612.76544,no_mg
empty,yfp,716.93005,no_mg
empty,yfp,666.26404,no_mg
empty,yfp,739.91785,no_mg
empty,yfp,841.5496,no_mg
empty,yfp,629.36365,no_mg
empty,yfp,1295.6483,no_mg
empty,yfp,737.77954,no_mg
empty,yfp,537.827,no_mg
empty,yfp,556.7727,no_mg
empty,yfp,708.5345,no_mg
empty,yfp,1018.8985,no_mg
empty,yfp,594.5185,no_mg
empty,yfp,934.738,no_mg
empty,yfp,667.6981,no_mg
empty,yfp,855.3461,no_mg
empty,yfp,774.6857,no_mg
empty,yfp,877.5865,no_mg
empty,yfp,598.1269,no_mg
empty,yfp,833.2825,no_mg
empty,yfp,903.7174,no_mg
empty,yfp,765.5,no_mg
empty,yfp,458.7262,no_mg
empty,yfp,792.79614,no_mg
empty,yfp,963.46344,no_mg
empty,yfp,790.8906,no_mg
empty,yfp,772.45264,no_mg
empty,yfp,638.1475,no_mg
empty,yfp,1051.8298,no_mg
empty,yfp,592.39166,no_mg
empty,yfp,671.93854,no_mg
empty,yfp,897.1297,no_mg
empty,yfp,758.1342,no_mg
empty,yfp,750.99445,no_mg
empty,yfp,871.03845,no_mg
empty,yfp,942.4049,no_mg
empty,yfp,599.01886,no_mg
empty,yfp,666.1156,no_mg
empty,yfp,577.6795,no_mg
empty,yfp,878.1655,no_mg
empty,yfp,784.6205,no_mg
empty,yfp,559.4779,no_mg
empty,yfp,1559.8777,no_mg
empty,yfp,614.5347,no_mg
empty,yfp,610.63,no_mg
empty,yfp,640.4583,no_mg
empty,yfp,625.75806,no_mg
empty,yfp,1160.0426,no_mg
empty,yfp,969.4091,no_mg
empty,yfp,702.1949,no_mg
empty,yfp,580.6713,no_mg
empty,yfp,648.5045,no_mg
empty,yfp,643.57434,no_mg
empty,yfp,689.37384,no_mg
empty,yfp,910.4067,no_mg
empty,yfp,520.4537,no_mg
empty,yfp,443.1504,no_mg
empty,yfp,542.39307,no_mg
empty,yfp,670.17645,no_mg
empty,yfp,689.9677,no_mg
empty,yfp,1535,no_mg
empty,yfp,854.0604,no_mg
empty,yfp,710.4828,no_mg
empty,yfp,666.4369,no_mg
empty,yfp,659.90125,no_mg
empty,yfp,616.1,no_mg
empty,yfp,699.4793,no_mg
empty,yfp,634.6379,no_mg
empty,yfp,697.8992,no_mg
empty,yfp,775.2256,no_mg
empty,yfp,1450.4214,no_mg
empty,yfp,535.82587,no_mg
empty,yfp,931.33105,no_mg
empty,yfp,823.01624,no_mg
empty,yfp,699.3668,no_mg
empty,yfp,697.75555,no_mg
empty,yfp,609.5153,no_mg
empty,yfp,691.96075,no_mg
empty,yfp,925.4595,no_mg
empty,yfp,687.09454,no_mg
empty,yfp,492.02097,no_mg
empty,yfp,625.37695,no_mg
empty,yfp,686.6429,no_mg
empty,yfp,628.49115,no_mg
empty,yfp,617.36066,no_mg
empty,yfp,667.0135,no_mg
empty,yfp,1178.8148,no_mg
empty,yfp,634.38165,no_mg
empty,yfp,584.7325,no_mg
empty,yfp,474.76273,no_mg
empty,yfp,621.0236,no_mg
empty,yfp,635.89813,no_mg
empty,yfp,927.96344,no_mg
empty,yfp,887.0601,no_mg
empty,yfp,781.791,no_mg
empty,yfp,502.31192,no_mg
empty,yfp,721.3713,no_mg
empty,yfp,802.48676,no_mg
empty,yfp,656.73206,no_mg
empty,yfp,960.2222,no_mg
empty,yfp,736.03424,no_mg
empty,yfp,739.4253,no_mg
empty,yfp,862.127,no_mg
empty,yfp,636.68274,no_mg
empty,yfp,698.8977,no_mg
empty,yfp,964.84534,no_mg
empty,yfp,470.1953,no_mg
empty,yfp,665.26,no_mg
empty,yfp,702.5489,no_mg
empty,yfp,1067.9908,no_mg
empty,yfp,836.1024,no_mg
empty,yfp,731.4775,no_mg
empty,yfp,462.74875,no_mg
yoaI,yfp,996.95654,no_mg
yoaI,yfp,491.8642,no_mg
yoaI,yfp,699.4464,no_mg
yoaI,yfp,942.63635,no_mg
yoaI,yfp,602.5833,no_mg
yoaI,yfp,1270.73,no_mg
yoaI,yfp,1144.2843,no_mg
yoaI,yfp,378.34314,no_mg
yoaI,yfp,365.99146,no_mg
yoaI,yfp,707.9459,no_mg
yoaI,yfp,1169.8684,no_mg
yoaI,yfp,637.23425,no_mg
yoaI,yfp,867.84906,no_mg
yoaI,yfp,374.56668,no_mg
yoaI,yfp,460.3578,no_mg
yoaI,yfp,469.11865,no_mg
yoaI,yfp,808.65454,no_mg
yoaI,yfp,714.7652,no_mg
yoaI,yfp,1066.3707,no_mg
yoaI,yfp,581.5361,no_mg
yoaI,yfp,524.5739,no_mg
yoaI,yfp,858.05646,no_mg
yoaI,yfp,461.339,no_mg
yoaI,yfp,549.05786,no_mg
yoaI,yfp,530.7879,no_mg
yoaI,yfp,1107.5385,no_mg
yoaI,yfp,547.48334,no_mg
yoaI,yfp,558.34076,no_mg
yoaI,yfp,422.69565,no_mg
yoaI,yfp,563.97437,no_mg
yoaI,yfp,378.11383,no_mg
yoaI,yfp,546.23663,no_mg
yoaI,yfp,400.84558,no_mg
yoaI,yfp,474,no_mg
yoaI,yfp,1021.85,no_mg
yoaI,yfp,495.08783,no_mg
yoaI,yfp,410.89285,no_mg
yoaI,yfp,566.2214,no_mg
yoaI,yfp,589.2427,no_mg
yoaI,yfp,867.3333,no_mg
yoaI,yfp,645.4094,no_mg
yoaI,yfp,918.02985,no_mg
yoaI,yfp,904.1027,no_mg
yoaI,yfp,844.698,no_mg
yoaI,yfp,470.2027,no_mg
yoaI,yfp,655.2143,no_mg
yoaI,yfp,907.15216,no_mg
yoaI,yfp,754.1391,no_mg
yoaI,yfp,596.5098,no_mg
yoaI,yfp,455.92307,no_mg
yoaI,yfp,722.58435,no_mg
yoaI,yfp,485.9091,no_mg
yoaI,yfp,481.03247,no_mg
yoaI,yfp,415.41428,no_mg
yoaI,yfp,588.4867,no_mg
yoaI,yfp,773.51636,no_mg
yoaI,yfp,959.5414,no_mg
yoaI,yfp,666.14795,no_mg
yoaI,yfp,618.7925,no_mg
yoaI,yfp,430.83444,no_mg
yoaI,yfp,572.87415,no_mg
yoaI,yfp,375.2026,no_mg
yoaI,yfp,578.0764,no_mg
yoaI,yfp,920.21344,no_mg
yoaI,yfp,437.9408,no_mg
yoaI,yfp,408.57144,no_mg
yoaI,yfp,893.6265,no_mg
yoaI,yfp,563.1818,no_mg
yoaI,yfp,941.2626,no_mg
yoaI,yfp,471.19162,no_mg
yoaI,yfp,594.45123,no_mg
yoaI,yfp,526.32556,no_mg
yoaI,yfp,427.66272,no_mg
yoaI,yfp,604.9477,no_mg
yoaI,yfp,608.2849,no_mg
yoaI,yfp,500.7673,no_mg
yoaI,yfp,663.71124,no_mg
yoaI,yfp,706.5783,no_mg
yoaI,yfp,656.5135,no_mg
yoaI,yfp,428.86826,no_mg
yoaI,yfp,1017.92816,no_mg
yoaI,yfp,419.44135,no_mg
yoaI,yfp,681.84064,no_mg
yoaI,yfp,510.42426,no_mg
yoaI,yfp,588.4593,no_mg
yoaI,yfp,394.45963,no_mg
yoaI,yfp,879.5278,no_mg
yoaI,yfp,944.0859,no_mg
yoaI,yfp,901.38464,no_mg
yoaI,yfp,793.09186,no_mg
yoaI,yfp,498.02197,no_mg
yoaI,yfp,461.9337,no_mg
yoaI,yfp,590.1667,no_mg
yoaI,yfp,482.12564,no_mg
yoaI,yfp,598.71265,no_mg
yoaI,yfp,490.7946,no_mg
yoaI,yfp,469.54922,no_mg
yoaI,yfp,990.8823,no_mg
yoaI,yfp,416.88586,no_mg
yoaI,yfp,627.5202,no_mg
yoaI,yfp,397.74725,no_mg
yoaI,yfp,895.7879,no_mg
yoaI,yfp,585.23834,no_mg
yoaI,yfp,445.85205,no_mg
yoaI,yfp,476.4,no_mg
yoaI,yfp,537.65326,no_mg
yoaI,yfp,633.0139,no_mg
yoaI,yfp,642.5278,no_mg
yoaI,yfp,587.28125,no_mg
yoaI,yfp,803.9665,no_mg
yoaI,yfp,633.06696,no_mg
yoaI,yfp,470.67618,no_mg
yoaI,yfp,471.177,no_mg
yoaI,yfp,487.0766,no_mg
yoaI,yfp,583.93427,no_mg
yoaI,yfp,701.84753,no_mg
yoaI,yfp,444.9403,no_mg
yoaI,yfp,494.11484,no_mg
yoaI,yfp,564.9314,no_mg
yoaI,yfp,1671.3468,no_mg
yoaI,yfp,688.50665,no_mg
yoaI,yfp,1215.9181,no_mg
yoaI,yfp,550.4135,no_mg
yoaI,yfp,550.3333,no_mg
yoaI,yfp,971.79297,no_mg
yoaI,yfp,565.6902,no_mg
yoaI,yfp,479.54315,no_mg
yoaI,yfp,849.3041,no_mg
yoaI,yfp,423.98486,no_mg
yoaI,yfp,379.9114,no_mg
yoaI,yfp,733.78656,no_mg
yoaI,yfp,408.31506,no_mg
yoaI,yfp,411.57352,no_mg
yoaI,yfp,465.44302,no_mg
yoaI,yfp,381.87012,no_mg
yoaI,yfp,607.95654,no_mg
yoaI,yfp,371.1184,no_mg
yoaI,yfp,495.1808,no_mg
yoaI,yfp,385.63333,no_mg
yoaI,yfp,667.23596,no_mg
yoaI,yfp,389.4382,no_mg
yoaI,yfp,410.41464,no_mg
yoaI,yfp,487.2353,no_mg
yoaI,yfp,378.47726,no_mg
yoaI,yfp,372.93152,no_mg
yoaI,yfp,422.275,no_mg
yoaI,yfp,493.6854,no_mg
yoaI,yfp,560.3205,no_mg
yoaI,yfp,463.10995,no_mg
yoaI,yfp,550.22473,no_mg
yoaI,yfp,478.1698,no_mg
yoaI,yfp,590.6087,no_mg
yoaI,yfp,444.44186,no_mg
yoaI,yfp,487.4149,no_mg
yoaI,yfp,377.98077,no_mg
yoaI,yfp,1188.1632,no_mg
yoaI,yfp,421.11365,no_mg
yoaI,yfp,692.2381,no_mg
yoaI,yfp,375.69232,no_mg
yoaI,yfp,365.4479,no_mg
yoaI,yfp,378.82224,no_mg
yoaI,yfp,639.835,no_mg
yoaI,yfp,478.12036,no_mg
yoaI,yfp,424.01962,no_mg
yoaI,yfp,420.85568,no_mg
yoaI,yfp,664.2476,no_mg
yoaI,yfp,624.94,no_mg
yoaI,yfp,630.668,no_mg
yoaI,yfp,462.1468,no_mg
yoaI,yfp,448.52084,no_mg
yoaI,yfp,765.392,no_mg
yoaI,yfp,382.35184,no_mg
yoaI,yfp,418.09174,no_mg
yoaI,yfp,437.75,no_mg
yoaI,yfp,609.81555,no_mg
yoaI,yfp,379.98114,no_mg
yoaI,yfp,515.8,no_mg
yoaI,yfp,552.6667,no_mg
yoaI,yfp,422.5579,no_mg
yoaI,yfp,462.1,no_mg
yoaI,yfp,434.23685,no_mg
yoaI,yfp,653.4821,no_mg
yoaI,yfp,417.56436,no_mg
yoaI,yfp,643.0598,no_mg
yoaI,yfp,630.13446,no_mg
yoaI,yfp,525.12726,no_mg
yoaI,yfp,440.25894,no_mg
yoaI,yfp,436.55173,no_mg
yoaI,yfp,472.44446,no_mg
yoaI,yfp,759.4667,no_mg
yoaI,yfp,486.39474,no_mg
yoaI,yfp,449.86792,no_mg
yoaI,yfp,444.71698,no_mg
yoaI,yfp,545.1565,no_mg
yoaI,yfp,488.32727,no_mg
yoaI,yfp,547.1068,no_mg
yoaI,yfp,379.73334,no_mg
yoaI,yfp,442.72073,no_mg
yoaI,yfp,385.52942,no_mg
yoaI,yfp,443.41965,no_mg
yoaI,yfp,385.51614,no_mg
yoaI,yfp,390.88495,no_mg
yoaI,yfp,744.13434,no_mg
yoaI,yfp,663.437,no_mg
yoaI,yfp,487.51724,no_mg
yoaI,yfp,476.84497,no_mg
yoaI,yfp,385.15518,no_mg
yoaI,yfp,424.1982,no_mg
yoaI,yfp,568.4483,no_mg
yoaI,yfp,1000.48334,no_mg
yoaI,yfp,801.5227,no_mg
yoaI,yfp,513.7227,no_mg
yoaI,yfp,583.7083,no_mg
yoaI,yfp,378.875,no_mg
yoaI,yfp,482.63864,no_mg
yoaI,yfp,581.09753,no_mg
yoaI,yfp,380.94644,no_mg
yoaI,yfp,573.0089,no_mg
yoaI,yfp,426.7742,no_mg
yoaI,yfp,435.46667,no_mg
yoaI,yfp,679.17096,no_mg
yoaI,yfp,471.56848,no_mg
yoaI,yfp,554.7934,no_mg
yoaI,yfp,378.3362,no_mg
yoaI,yfp,376.67163,no_mg
yoaI,yfp,432.8618,no_mg
yoaI,yfp,569.43445,no_mg
yoaI,yfp,631.0315,no_mg
yoaI,yfp,462.9394,no_mg
yoaI,yfp,399.7752,no_mg
yoaI,yfp,428.55038,no_mg
yoaI,yfp,399.91537,no_mg
yoaI,yfp,427.1875,no_mg
yoaI,yfp,463.8905,no_mg
yoaI,yfp,636.9143,no_mg
yoaI,yfp,408.38168,no_mg
yoaI,yfp,381.4041,no_mg
yoaI,yfp,378.73438,no_mg
yoaI,yfp,416.10324,no_mg
yoaI,yfp,659.05035,no_mg
yoaI,yfp,381.33575,no_mg
yoaI,yfp,704.4863,no_mg
yoaI,yfp,547.2945,no_mg
yoaI,yfp,424.9771,no_mg
yoaI,yfp,682.8343,no_mg
yoaI,yfp,616.8777,no_mg
yoaI,yfp,604.4722,no_mg
yoaI,yfp,468.68707,no_mg
yoaI,yfp,403.88147,no_mg
yoaI,yfp,488.0276,no_mg
yoaI,yfp,702.4717,no_mg
yoaI,yfp,626.58154,no_mg
yoaI,yfp,525.56525,no_mg
yoaI,yfp,428.25333,no_mg
yoaI,yfp,412.55884,no_mg
yoaI,yfp,450.91156,no_mg
yoaI,yfp,373.2434,no_mg
yoaI,yfp,386.7554,no_mg
yoaI,yfp,668.43335,no_mg
yoaI,yfp,403.68152,no_mg
yoaI,yfp,505.66452,no_mg
yoaI,yfp,461.0921,no_mg
yoaI,yfp,440.36487,no_mg
yoaI,yfp,651.7683,no_mg
yoaI,yfp,445.27814,no_mg
yoaI,yfp,388.4417,no_mg
yoaI,yfp,472.27606,no_mg
yoaI,yfp,423.04907,no_mg
yoaI,yfp,397.2784,no_mg
yoaI,yfp,582.59863,no_mg
yoaI,yfp,446.08588,no_mg
yoaI,yfp,689.2557,no_mg
yoaI,yfp,458.50967,no_mg
yoaI,yfp,500.22076,no_mg
yoaI,yfp,448.9515,no_mg
yoaI,yfp,743.5605,no_mg
yoaI,yfp,480.10242,no_mg
yoaI,yfp,480.54544,no_mg
yoaI,yfp,617.2622,no_mg
yoaI,yfp,623.45715,no_mg
yoaI,yfp,446.05127,no_mg
yoaI,yfp,636.1111,no_mg
yoaI,yfp,425.88342,no_mg
yoaI,yfp,386.40805,no_mg
yoaI,yfp,422.48386,no_mg
yoaI,yfp,685.5731,no_mg
yoaI,yfp,423.66266,no_mg
yoaI,yfp,432.51807,no_mg
yoaI,yfp,415.23953,no_mg
yoaI,yfp,432.51596,no_mg
yoaI,yfp,393.18616,no_mg
yoaI,yfp,495.11444,no_mg
yoaI,yfp,572.42163,no_mg
yoaI,yfp,601.3862,no_mg
yoaI,yfp,621.76843,no_mg
yoaI,yfp,628.7191,no_mg
yoaI,yfp,446.5163,no_mg
yoaI,yfp,611.66095,no_mg
yoaI,yfp,455.08456,no_mg
yoaI,yfp,490.26923,no_mg
yoaI,yfp,406.81946,no_mg
yoaI,yfp,606.64246,no_mg
yoaI,yfp,510.03125,no_mg
yoaI,yfp,638.2222,no_mg
yoaI,yfp,471.56772,no_mg
yoaI,yfp,436.74243,no_mg
yoaI,yfp,654.1208,no_mg
yoaI,yfp,714.5566,no_mg
yoaI,yfp,429.0214,no_mg
yoaI,yfp,515.81555,no_mg
yoaI,yfp,528.4577,no_mg
yoaI,yfp,410.24878,no_mg
yoaI,yfp,505.50232,no_mg
yoaI,yfp,404.7383,no_mg
yoaI,yfp,434.4299,no_mg
yoaI,yfp,459.37885,no_mg
yoaI,yfp,432.99005,no_mg
yoaI,yfp,654.74,no_mg
yoaI,yfp,626.0156,no_mg
yoaI,yfp,458.0301,no_mg
yoaI,yfp,540.5398,no_mg
yoaI,yfp,769.6727,no_mg
yoaI,yfp,660.1095,no_mg
empty,cfp,2281.8264,10mM
empty,cfp,1600.3096,10mM
empty,cfp,2171.7852,10mM
empty,cfp,1211.0496,10mM
empty,cfp,2039.0145,10mM
empty,cfp,2030.1981,10mM
empty,cfp,1942.29,10mM
empty,cfp,2314.6973,10mM
empty,cfp,2826.2024,10mM
empty,cfp,1936.1936,10mM
empty,cfp,2177.1223,10mM
empty,cfp,3296.7273,10mM
empty,cfp,3112.8604,10mM
empty,cfp,2552.3555,10mM
empty,cfp,2326.7952,10mM
empty,cfp,2901.201,10mM
empty,cfp,1787.9364,10mM
empty,cfp,2246.8022,10mM
empty,cfp,2839.8801,10mM
empty,cfp,2883.2258,10mM
empty,cfp,2494.8098,10mM
empty,cfp,2040.2134,10mM
empty,cfp,1611.3007,10mM
empty,cfp,2469.6392,10mM
empty,cfp,1933.4552,10mM
empty,cfp,1956.7988,10mM
empty,cfp,2657.3,10mM
empty,cfp,1767.4061,10mM
empty,cfp,2298.2527,10mM
empty,cfp,2020.8657,10mM
empty,cfp,1821.322,10mM
empty,cfp,1864.1399,10mM
empty,cfp,2362.6794,10mM
empty,cfp,1672.5687,10mM
empty,cfp,1074.6804,10mM
empty,cfp,2685.4783,10mM
empty,cfp,1506.883,10mM
empty,cfp,3037.0247,10mM
empty,cfp,2327.4832,10mM
empty,cfp,2790.6765,10mM
empty,cfp,2887.0818,10mM
empty,cfp,2915.419,10mM
empty,cfp,2011.7758,10mM
empty,cfp,2589.8577,10mM
empty,cfp,2328.6519,10mM
empty,cfp,2157.291,10mM
empty,cfp,2262.918,10mM
empty,cfp,2349.081,10mM
empty,cfp,2386.4194,10mM
empty,cfp,1966.5101,10mM
empty,cfp,1647.4535,10mM
empty,cfp,2514.9211,10mM
empty,cfp,2633.7935,10mM
empty,cfp,2419.8367,10mM
empty,cfp,2241.3833,10mM
empty,cfp,1794.7808,10mM
empty,cfp,3195.179,10mM
empty,cfp,1985.1265,10mM
empty,cfp,2081.6226,10mM
empty,cfp,3056.5444,10mM
empty,cfp,1884.1052,10mM
empty,cfp,1953.6548,10mM
empty,cfp,2365.4573,10mM
empty,cfp,2203.4238,10mM
empty,cfp,2358.2263,10mM
empty,cfp,1850.1293,10mM
empty,cfp,2031.4532,10mM
empty,cfp,2032.8639,10mM
empty,cfp,1174.1407,10mM
empty,cfp,2403.6177,10mM
empty,cfp,2775.112,10mM
empty,cfp,2501.0537,10mM
empty,cfp,2669.913,10mM
empty,cfp,2296.4607,10mM
empty,cfp,2752.025,10mM
empty,cfp,1916.1656,10mM
empty,cfp,2081.9297,10mM
empty,cfp,2448.4585,10mM
empty,cfp,2107.9702,10mM
empty,cfp,1891.1465,10mM
empty,cfp,2345.6746,10mM
empty,cfp,2464.607,10mM
empty,cfp,3095.6907,10mM
empty,cfp,2073.5234,10mM
empty,cfp,1257.5364,10mM
empty,cfp,1946.3507,10mM
empty,cfp,2633.3667,10mM
empty,cfp,3316.5823,10mM
empty,cfp,2790.4302,10mM
empty,cfp,1880.0106,10mM
empty,cfp,2877.3865,10mM
empty,cfp,2294.596,10mM
empty,cfp,1608.4218,10mM
empty,cfp,1827.2035,10mM
empty,cfp,1684.8009,10mM
empty,cfp,2906.7378,10mM
empty,cfp,1571.8699,10mM
empty,cfp,1803.6174,10mM
empty,cfp,1920.3837,10mM
empty,cfp,2275.066,10mM
empty,cfp,3802.5483,10mM
empty,cfp,2827.0195,10mM
empty,cfp,2269.1465,10mM
empty,cfp,3240.788,10mM
empty,cfp,2348.1711,10mM
empty,cfp,2363.215,10mM
empty,cfp,2683.2598,10mM
empty,cfp,3427.7383,10mM
empty,cfp,2643.0142,10mM
empty,cfp,2742.3757,10mM
empty,cfp,2469.1213,10mM
empty,cfp,2844.123,10mM
empty,cfp,2575.327,10mM
empty,cfp,1491.4109,10mM
empty,cfp,2115.9614,10mM
empty,cfp,2945.5557,10mM
empty,cfp,3855.4084,10mM
empty,cfp,1940.1782,10mM
empty,cfp,2071.4626,10mM
empty,cfp,2307.2178,10mM
empty,cfp,2807.9426,10mM
empty,cfp,2000.6096,10mM
empty,cfp,2564.3447,10mM
empty,cfp,1546.1979,10mM
empty,cfp,2433.0437,10mM
empty,cfp,2403.9482,10mM
empty,cfp,2518.408,10mM
empty,cfp,1988.9734,10mM
empty,cfp,2617.916,10mM
empty,cfp,1744.733,10mM
empty,cfp,1779.1777,10mM
empty,cfp,2990.6887,10mM
empty,cfp,2562.8157,10mM
empty,cfp,3298.249,10mM
empty,cfp,2591.6514,10mM
empty,cfp,1832.2766,10mM
empty,cfp,1811.4052,10mM
empty,cfp,1763.542,10mM
empty,cfp,2275.177,10mM
empty,cfp,1835.2478,10mM
empty,cfp,2983.7654,10mM
empty,cfp,3237.3713,10mM
empty,cfp,3010.6328,10mM
empty,cfp,1436.9084,10mM
empty,cfp,1253.7317,10mM
empty,cfp,2279.1853,10mM
empty,cfp,2740.3552,10mM
empty,cfp,2425.5237,10mM
empty,cfp,2599.232,10mM
empty,cfp,2593.5618,10mM
empty,cfp,1842.2698,10mM
empty,cfp,2952.7993,10mM
empty,cfp,2121.1667,10mM
empty,cfp,2978.8882,10mM
empty,cfp,3029.7454,10mM
empty,cfp,3006.0298,10mM
empty,cfp,2798.9626,10mM
empty,cfp,2705.8774,10mM
empty,cfp,1853.0903,10mM
empty,cfp,3361.7664,10mM
empty,cfp,3002.8582,10mM
empty,cfp,1409.8204,10mM
empty,cfp,3172.6223,10mM
empty,cfp,1741.1034,10mM
empty,cfp,2313.538,10mM
empty,cfp,3083.346,10mM
empty,cfp,2272.0288,10mM
empty,cfp,2903.9587,10mM
empty,cfp,2295.9453,10mM
empty,cfp,2852.813,10mM
empty,cfp,3561.4653,10mM
empty,cfp,2875.267,10mM
empty,cfp,2895.1782,10mM
empty,cfp,3577.1045,10mM
empty,cfp,1914.9906,10mM
empty,cfp,2918.6104,10mM
empty,cfp,2440,10mM
empty,cfp,3535.12,10mM
empty,cfp,2821.1284,10mM
empty,cfp,3482.8672,10mM
empty,cfp,2590.7075,10mM
empty,cfp,2086.0574,10mM
empty,cfp,2776.0583,10mM
empty,cfp,1652.8807,10mM
empty,cfp,3191.6191,10mM
empty,cfp,2820.9138,10mM
empty,cfp,1854.7158,10mM
empty,cfp,1939.5474,10mM
empty,cfp,1875.5211,10mM
empty,cfp,2499.8628,10mM
empty,cfp,2517.82,10mM
empty,cfp,2447.9478,10mM
empty,cfp,2162.699,10mM
empty,cfp,2729.6765,10mM
empty,cfp,3502.2778,10mM
empty,cfp,2671.467,10mM
empty,cfp,2838.0535,10mM
empty,cfp,2401.829,10mM
empty,cfp,2507.8945,10mM
empty,cfp,2760.5266,10mM
empty,cfp,3575.2139,10mM
empty,cfp,2839.425,10mM
empty,cfp,2922.7297,10mM
empty,cfp,3081.479,10mM
empty,cfp,2784.3171,10mM
empty,cfp,3242.882,10mM
empty,cfp,2093.4265,10mM
empty,cfp,2702.0989,10mM
empty,cfp,3608.7585,10mM
empty,cfp,3175.5427,10mM
empty,cfp,1812.2609,10mM
empty,cfp,2046.6737,10mM
empty,cfp,3038.0452,10mM
empty,cfp,2388.3176,10mM
empty,cfp,2948.8284,10mM
empty,cfp,3020.8145,10mM
empty,cfp,2348.0242,10mM
empty,cfp,3507.0825,10mM
empty,cfp,2992.516,10mM
empty,cfp,3493.0293,10mM
empty,cfp,2534.596,10mM
empty,cfp,3417.0305,10mM
empty,cfp,2921.65,10mM
empty,cfp,2641.0698,10mM
empty,cfp,2653.7368,10mM
empty,cfp,2581.6377,10mM
empty,cfp,3530.6619,10mM
empty,cfp,2042.0137,10mM
empty,cfp,2477.9504,10mM
empty,cfp,2472.2258,10mM
empty,cfp,2840.1091,10mM
empty,cfp,3313,10mM
empty,cfp,3461.7932,10mM
empty,cfp,3158.2432,10mM
empty,cfp,2758.364,10mM
empty,cfp,2857.3188,10mM
empty,cfp,2706.7183,10mM
empty,cfp,2930.5762,10mM
empty,cfp,1833.8159,10mM
empty,cfp,2914.6746,10mM
empty,cfp,2943.5935,10mM
empty,cfp,2494.9775,10mM
empty,cfp,2998.1768,10mM
empty,cfp,3547.1934,10mM
empty,cfp,2317.9636,10mM
empty,cfp,1938.6443,10mM
empty,cfp,2180.8647,10mM
empty,cfp,2551.6292,10mM
empty,cfp,2083.0051,10mM
empty,cfp,1943.7819,10mM
empty,cfp,1707.5522,10mM
empty,cfp,1918.8903,10mM
empty,cfp,1658.163,10mM
empty,cfp,1765.6743,10mM
empty,cfp,2036.1592,10mM
empty,cfp,1837.6389,10mM
empty,cfp,1969.8148,10mM
empty,cfp,2974.8696,10mM
empty,cfp,1800.1298,10mM
empty,cfp,1802.7788,10mM
empty,cfp,1424.189,10mM
empty,cfp,2162.9868,10mM
empty,cfp,2057.5054,10mM
empty,cfp,2946.0566,10mM
empty,cfp,2045.0812,10mM
empty,cfp,2261.2815,10mM
empty,cfp,1595.9739,10mM
empty,cfp,1604.3656,10mM
empty,cfp,1920.2443,10mM
empty,cfp,1862.8369,10mM
empty,cfp,1846.1267,10mM
empty,cfp,2005.0883,10mM
empty,cfp,1861.0868,10mM
empty,cfp,1997.4746,10mM
empty,cfp,2179.0479,10mM
empty,cfp,1856.105,10mM
empty,cfp,2501.202,10mM
empty,cfp,1776.0292,10mM
empty,cfp,3071.3472,10mM
empty,cfp,2734.299,10mM
empty,cfp,2065.0808,10mM
empty,cfp,2095.5735,10mM
empty,cfp,1920.125,10mM
empty,cfp,1923.2084,10mM
empty,cfp,2135.9092,10mM
empty,cfp,1907.9131,10mM
empty,cfp,2054.5942,10mM
empty,cfp,1923.3792,10mM
empty,cfp,2298.313,10mM
empty,cfp,2102.8015,10mM
empty,cfp,2649.042,10mM
empty,cfp,2775.506,10mM
empty,cfp,2319.7368,10mM
empty,cfp,1684.7966,10mM
empty,cfp,1536.112,10mM
empty,cfp,1906.1709,10mM
empty,cfp,2069.1353,10mM
empty,cfp,2020.5198,10mM
empty,cfp,2028.7778,10mM
empty,cfp,1900.4471,10mM
empty,cfp,2606.52,10mM
empty,cfp,2302.7693,10mM
empty,cfp,2502.0667,10mM
empty,cfp,2891.2856,10mM
empty,cfp,1853.9685,10mM
empty,cfp,3330.587,10mM
empty,cfp,1792.1339,10mM
empty,cfp,2761.7327,10mM
empty,cfp,1946.6559,10mM
empty,cfp,1904.1333,10mM
empty,cfp,1623.3815,10mM
empty,cfp,2201.6765,10mM
empty,cfp,2606.3806,10mM
empty,cfp,2818.6045,10mM
empty,cfp,1616.7745,10mM
empty,cfp,1479.1329,10mM
empty,cfp,3211.1667,10mM
empty,cfp,2224.3982,10mM
empty,cfp,1575.0872,10mM
empty,cfp,2700.7356,10mM
empty,cfp,2847.1743,10mM
empty,cfp,2549.3318,10mM
empty,cfp,1102.0099,10mM
empty,cfp,2604.0054,10mM
empty,cfp,2237.6501,10mM
empty,cfp,2085.0256,10mM
empty,cfp,2401.963,10mM
empty,cfp,2228.5576,10mM
empty,cfp,2116.6326,10mM
empty,cfp,2099.8958,10mM
empty,cfp,2305.0288,10mM
empty,cfp,2405.86,10mM
empty,cfp,2586.9478,10mM
empty,cfp,2226.7654,10mM
empty,cfp,1687.6605,10mM
empty,cfp,2770.241,10mM
empty,cfp,2242.8726,10mM
empty,cfp,1991.0994,10mM
empty,cfp,2554.0042,10mM
empty,cfp,2212.4387,10mM
empty,cfp,2133.3347,10mM
empty,cfp,2056.0889,10mM
empty,cfp,2125.779,10mM
empty,cfp,2408.8943,10mM
empty,cfp,1826.1777,10mM
empty,cfp,2895.988,10mM
empty,cfp,2325.3108,10mM
empty,cfp,2133.3792,10mM
empty,cfp,2215.741,10mM
empty,cfp,1657.8,10mM
empty,cfp,2621.2686,10mM
empty,cfp,3487.892,10mM
empty,cfp,2716.9636,10mM
empty,cfp,2505.22,10mM
empty,cfp,1070.4365,10mM
empty,cfp,2740.2275,10mM
empty,cfp,1869.9489,10mM
empty,cfp,2580.5217,10mM
empty,cfp,2670.9941,10mM
empty,cfp,2247.08,10mM
empty,cfp,2427.686,10mM
empty,cfp,3135.9727,10mM
empty,cfp,1359.312,10mM
empty,cfp,2819.872,10mM
empty,cfp,2410.4124,10mM
empty,cfp,2407.5972,10mM
empty,cfp,2216.1833,10mM
empty,cfp,2503.254,10mM
empty,cfp,2653.743,10mM
empty,cfp,2604.423,10mM
empty,cfp,3001.9482,10mM
empty,cfp,4293.175,no_mg
empty,cfp,3255.2585,no_mg
empty,cfp,4497.03,no_mg
empty,cfp,2476.526,no_mg
empty,cfp,3373.13,no_mg
empty,cfp,3012.4565,no_mg
empty,cfp,3603.4482,no_mg
empty,cfp,4284.2935,no_mg
empty,cfp,3469.848,no_mg
empty,cfp,3162.898,no_mg
empty,cfp,2977.4631,no_mg
empty,cfp,3738.8464,no_mg
empty,cfp,2705.46,no_mg
empty,cfp,3579.3928,no_mg
empty,cfp,3205.296,no_mg
empty,cfp,3119.191,no_mg
empty,cfp,2432.1345,no_mg
empty,cfp,2974.1309,no_mg
empty,cfp,6489.422,no_mg
empty,cfp,2243.739,no_mg
empty,cfp,4149.156,no_mg
empty,cfp,2997,no_mg
empty,cfp,3760.0908,no_mg
empty,cfp,3227.987,no_mg
empty,cfp,3584.7827,no_mg
empty,cfp,4104.087,no_mg
empty,cfp,3745.936,no_mg
empty,cfp,2880.3088,no_mg
empty,cfp,3743.7258,no_mg
empty,cfp,3632.8345,no_mg
empty,cfp,3698.2197,no_mg
empty,cfp,3334.7754,no_mg
empty,cfp,5446.2188,no_mg
empty,cfp,2847.2773,no_mg
empty,cfp,2386.4714,no_mg
empty,cfp,4468.113,no_mg
empty,cfp,3323.039,no_mg
empty,cfp,2900.3262,no_mg
empty,cfp,4684.8027,no_mg
empty,cfp,2744.1572,no_mg
empty,cfp,4844.824,no_mg
empty,cfp,2734.8032,no_mg
empty,cfp,3613.408,no_mg
empty,cfp,3340.9167,no_mg
empty,cfp,3902.3037,no_mg
empty,cfp,3197.326,no_mg
empty,cfp,3576,no_mg
empty,cfp,3685.0732,no_mg
empty,cfp,4929.766,no_mg
empty,cfp,3290.3447,no_mg
empty,cfp,4919.726,no_mg
empty,cfp,4035.7278,no_mg
empty,cfp,3590.455,no_mg
empty,cfp,3799.2632,no_mg
empty,cfp,3763.3818,no_mg
empty,cfp,3927.037,no_mg
empty,cfp,2970.4097,no_mg
empty,cfp,3785.673,no_mg
empty,cfp,2860.875,no_mg
empty,cfp,4071.041,no_mg
empty,cfp,3653.184,no_mg
empty,cfp,4076.1155,no_mg
empty,cfp,3431.327,no_mg
empty,cfp,3732.9875,no_mg
empty,cfp,2595.3086,no_mg
empty,cfp,3664.6475,no_mg
empty,cfp,3092.8765,no_mg
empty,cfp,3359.7822,no_mg
empty,cfp,1851.5924,no_mg
empty,cfp,4046.7427,no_mg
empty,cfp,2657.4456,no_mg
empty,cfp,4243.5693,no_mg
empty,cfp,3118.0752,no_mg
empty,cfp,3246.192,no_mg
empty,cfp,3058.3538,no_mg
empty,cfp,3045.835,no_mg
empty,cfp,2885.1191,no_mg
empty,cfp,2681.1914,no_mg
empty,cfp,3563.825,no_mg
empty,cfp,4226.9556,no_mg
empty,cfp,2878.0774,no_mg
empty,cfp,3303.2974,no_mg
empty,cfp,3129.6836,no_mg
empty,cfp,2193.764,no_mg
empty,cfp,3195.829,no_mg
empty,cfp,3527.3057,no_mg
empty,cfp,2023.6923,no_mg
empty,cfp,2046.9775,no_mg
empty,cfp,2100.5073,no_mg
empty,cfp,2223.3052,no_mg
empty,cfp,2265.3682,no_mg
empty,cfp,2273.0417,no_mg
empty,cfp,2295.2937,no_mg
empty,cfp,2312.623,no_mg
empty,cfp,2314.5957,no_mg
empty,cfp,2339.0134,no_mg
empty,cfp,2373.6167,no_mg
empty,cfp,2392.898,no_mg
empty,cfp,2393.961,no_mg
empty,cfp,2414.057,no_mg
empty,cfp,2416.2856,no_mg
empty,cfp,2496.1052,no_mg
empty,cfp,2506.822,no_mg
empty,cfp,2545.8845,no_mg
empty,cfp,2552.31,no_mg
empty,cfp,2569.3762,no_mg
empty,cfp,2583.0444,no_mg
empty,cfp,2605.9114,no_mg
empty,cfp,2617.3333,no_mg
empty,cfp,2649.2166,no_mg
empty,cfp,2667.465,no_mg
empty,cfp,2670.4534,no_mg
empty,cfp,2676.6155,no_mg
empty,cfp,2722.7964,no_mg
empty,cfp,2728.9226,no_mg
empty,cfp,2729.716,no_mg
empty,cfp,2750.7488,no_mg
empty,cfp,2758.5579,no_mg
empty,cfp,2761.487,no_mg
empty,cfp,2771.1646,no_mg
empty,cfp,2776.4011,no_mg
empty,cfp,2801.8906,no_mg
empty,cfp,2810.672,no_mg
empty,cfp,2811.0833,no_mg
empty,cfp,2821.4375,no_mg
empty,cfp,2877.5908,no_mg
empty,cfp,2883.7546,no_mg
empty,cfp,2886.6614,no_mg
empty,cfp,2896.2935,no_mg
empty,cfp,2899.4285,no_mg
empty,cfp,2902.0166,no_mg
empty,cfp,2909.894,no_mg
empty,cfp,2940.8496,no_mg
empty,cfp,2950.4775,no_mg
empty,cfp,2956.5483,no_mg
empty,cfp,2957.3545,no_mg
empty,cfp,2973.886,no_mg
empty,cfp,2980.2395,no_mg
empty,cfp,3001.411,no_mg
empty,cfp,3003.625,no_mg
empty,cfp,3033.946,no_mg
empty,cfp,3036.8643,no_mg
empty,cfp,3047.2932,no_mg
empty,cfp,3048.7866,no_mg
empty,cfp,3071.283,no_mg
empty,cfp,3078.3215,no_mg
empty,cfp,3110.1333,no_mg
empty,cfp,3132.6035,no_mg
empty,cfp,3154.258,no_mg
empty,cfp,3157.9749,no_mg
empty,cfp,3171.2798,no_mg
empty,cfp,3196.8262,no_mg
empty,cfp,3197.2903,no_mg
empty,cfp,3268.608,no_mg
empty,cfp,3277.4,no_mg
empty,cfp,3278.0532,no_mg
empty,cfp,3284.6814,no_mg
empty,cfp,3295.1897,no_mg
empty,cfp,3415.5796,no_mg
empty,cfp,3429.2944,no_mg
empty,cfp,3484.3176,no_mg
empty,cfp,3518.78,no_mg
empty,cfp,3521.16,no_mg
empty,cfp,3528.5283,no_mg
empty,cfp,3553.5608,no_mg
empty,cfp,3620.2732,no_mg
empty,cfp,3764.547,no_mg
empty,cfp,3831.1785,no_mg
empty,cfp,3852.3132,no_mg
empty,cfp,4039.4688,no_mg
empty,cfp,4067.111,no_mg
empty,cfp,4080.2693,no_mg
empty,cfp,4494.2173,no_mg
empty,cfp,4515.1475,no_mg
empty,cfp,4547.662,no_mg
empty,cfp,4722.3906,no_mg
empty,cfp,5101.7764,no_mg
empty,cfp,5187.2285,no_mg
yoaI,cfp,6074.2485,10mM
yoaI,cfp,3654.0403,10mM
yoaI,cfp,6408.4976,10mM
yoaI,cfp,4644.7246,10mM
yoaI,cfp,4198.345,10mM
yoaI,cfp,8440.715,10mM
yoaI,cfp,3729.634,10mM
yoaI,cfp,4970.5723,10mM
yoaI,cfp,7244.426,10mM
yoaI,cfp,5067.3286,10mM
yoaI,cfp,5046.182,10mM
yoaI,cfp,4369.5337,10mM
yoaI,cfp,4082.8245,10mM
yoaI,cfp,5088.543,10mM
yoaI,cfp,4913.837,10mM
yoaI,cfp,6310.337,10mM
yoaI,cfp,4230.367,10mM
yoaI,cfp,6147.224,10mM
yoaI,cfp,3833.9846,10mM
yoaI,cfp,6642.2046,10mM
yoaI,cfp,4592.3755,10mM
yoaI,cfp,5608.6704,10mM
yoaI,cfp,5125.6445,10mM
yoaI,cfp,4884.469,10mM
yoaI,cfp,7114.6675,10mM
yoaI,cfp,4999.3887,10mM
yoaI,cfp,6993.2656,10mM
yoaI,cfp,6049.8315,10mM
yoaI,cfp,5025.013,10mM
yoaI,cfp,4452.064,10mM
yoaI,cfp,4795.988,10mM
yoaI,cfp,5100.3384,10mM
yoaI,cfp,5909.25,10mM
yoaI,cfp,5728.6626,10mM
yoaI,cfp,3449.037,10mM
yoaI,cfp,4104.6177,10mM
yoaI,cfp,4784.6133,10mM
yoaI,cfp,6277.5366,10mM
yoaI,cfp,4996.2754,10mM
yoaI,cfp,5189.2515,10mM
yoaI,cfp,5912.6685,10mM
yoaI,cfp,4349.4565,10mM
yoaI,cfp,7652.3193,10mM
yoaI,cfp,3148.51,10mM
yoaI,cfp,7950.7524,10mM
yoaI,cfp,5859.772,10mM
yoaI,cfp,3997.253,10mM
yoaI,cfp,4439.855,10mM
yoaI,cfp,5281.763,10mM
yoaI,cfp,5051.1074,10mM
yoaI,cfp,5259.145,10mM
yoaI,cfp,7006.875,10mM
yoaI,cfp,5545.793,10mM
yoaI,cfp,5773.383,10mM
yoaI,cfp,6444.4233,10mM
yoaI,cfp,5546.9033,10mM
yoaI,cfp,5113.5186,10mM
yoaI,cfp,5783.1963,10mM
yoaI,cfp,6392.7124,10mM
yoaI,cfp,5133.268,10mM
yoaI,cfp,6688.678,10mM
yoaI,cfp,4431.332,10mM
yoaI,cfp,5798.0767,10mM
yoaI,cfp,3826.3809,10mM
yoaI,cfp,6618.8506,10mM
yoaI,cfp,4597.961,10mM
yoaI,cfp,4371.456,10mM
yoaI,cfp,5848.7827,10mM
yoaI,cfp,5028.707,10mM
yoaI,cfp,5474.443,10mM
yoaI,cfp,5576.4775,10mM
yoaI,cfp,4149.8,10mM
yoaI,cfp,6200.156,10mM
yoaI,cfp,3396.896,10mM
yoaI,cfp,5500.2007,10mM
yoaI,cfp,4236.008,10mM
yoaI,cfp,4963.964,10mM
yoaI,cfp,4987.7593,10mM
yoaI,cfp,4581.7334,10mM
yoaI,cfp,4186.3755,10mM
yoaI,cfp,5134.2676,10mM
yoaI,cfp,6183.702,10mM
yoaI,cfp,4975.4146,10mM
yoaI,cfp,7040.6006,10mM
yoaI,cfp,6143.297,10mM
yoaI,cfp,5479.8174,10mM
yoaI,cfp,6273.1147,10mM
yoaI,cfp,3311.7317,10mM
yoaI,cfp,6413.278,10mM
yoaI,cfp,4798.1772,10mM
yoaI,cfp,5183.3447,10mM
yoaI,cfp,3732.5244,10mM
yoaI,cfp,5271.419,10mM
yoaI,cfp,4820.1675,10mM
yoaI,cfp,6524.2334,10mM
yoaI,cfp,4566.1045,10mM
yoaI,cfp,4614.3525,10mM
yoaI,cfp,5635.813,10mM
yoaI,cfp,3779.7444,10mM
yoaI,cfp,5964.0034,10mM
yoaI,cfp,4908.452,10mM
yoaI,cfp,6318.2417,10mM
yoaI,cfp,3836.9023,10mM
yoaI,cfp,6544.884,10mM
yoaI,cfp,4361.1216,10mM
yoaI,cfp,5030.274,10mM
yoaI,cfp,3387.4368,10mM
yoaI,cfp,5504.6016,10mM
yoaI,cfp,5300.3345,10mM
yoaI,cfp,6625.4727,10mM
yoaI,cfp,5002.534,10mM
yoaI,cfp,4096.506,10mM
yoaI,cfp,5787.434,10mM
yoaI,cfp,5789.189,10mM
yoaI,cfp,4740.3306,10mM
yoaI,cfp,5922.0986,10mM
yoaI,cfp,4909.1807,10mM
yoaI,cfp,4987.452,10mM
yoaI,cfp,5185.931,10mM
yoaI,cfp,7000.969,10mM
yoaI,cfp,6270.995,10mM
yoaI,cfp,5523.264,10mM
yoaI,cfp,4936.379,10mM
yoaI,cfp,5615.145,10mM
yoaI,cfp,4431.413,10mM
yoaI,cfp,6805.14,10mM
yoaI,cfp,4663.2603,10mM
yoaI,cfp,5126.0576,10mM
yoaI,cfp,4755.308,10mM
yoaI,cfp,4704.6577,10mM
yoaI,cfp,6041.362,10mM
yoaI,cfp,5301.839,10mM
yoaI,cfp,4705.172,10mM
yoaI,cfp,4406.0396,10mM
yoaI,cfp,5173.858,10mM
yoaI,cfp,5587.5356,10mM
yoaI,cfp,5744.4385,10mM
yoaI,cfp,6490.3643,10mM
yoaI,cfp,6695.5273,10mM
yoaI,cfp,6602.734,10mM
yoaI,cfp,5905.099,10mM
yoaI,cfp,4784.853,10mM
yoaI,cfp,7296.1406,10mM
yoaI,cfp,5048.713,10mM
yoaI,cfp,7229.1978,10mM
yoaI,cfp,3467.6624,10mM
yoaI,cfp,7175.207,10mM
yoaI,cfp,4919.502,10mM
yoaI,cfp,6619.398,10mM
yoaI,cfp,4076.048,10mM
yoaI,cfp,4155.4717,10mM
yoaI,cfp,4730.51,10mM
yoaI,cfp,5706.9214,10mM
yoaI,cfp,5309.378,10mM
yoaI,cfp,5149.996,10mM
yoaI,cfp,4884.6753,10mM
yoaI,cfp,5798.845,10mM
yoaI,cfp,4328.6826,10mM
yoaI,cfp,5965.3125,10mM
yoaI,cfp,6029.9854,10mM
yoaI,cfp,4215.7173,10mM
yoaI,cfp,5116.3823,10mM
yoaI,cfp,7482.293,10mM
yoaI,cfp,4401.6294,10mM
yoaI,cfp,4654.755,10mM
yoaI,cfp,5695.119,10mM
yoaI,cfp,6562.992,10mM
yoaI,cfp,4873.732,10mM
yoaI,cfp,6222.4517,10mM
yoaI,cfp,4979.1294,10mM
yoaI,cfp,4012.282,10mM
yoaI,cfp,7473.897,10mM
yoaI,cfp,5711.386,10mM
yoaI,cfp,3963.163,10mM
yoaI,cfp,4856.3203,10mM
yoaI,cfp,8339.2705,10mM
yoaI,cfp,4635.106,10mM
yoaI,cfp,5671.836,10mM
yoaI,cfp,7813.8696,10mM
yoaI,cfp,3871.2424,10mM
yoaI,cfp,6149.034,10mM
yoaI,cfp,4977.218,10mM
yoaI,cfp,5786.903,10mM
yoaI,cfp,5018.886,10mM
yoaI,cfp,4729.932,10mM
yoaI,cfp,6033.1973,10mM
yoaI,cfp,5206.644,10mM
yoaI,cfp,8755.636,10mM
yoaI,cfp,5950.9917,10mM
yoaI,cfp,6773.004,10mM
yoaI,cfp,5528.0044,10mM
yoaI,cfp,5737.3975,10mM
yoaI,cfp,4333.16,10mM
yoaI,cfp,4812.7695,10mM
yoaI,cfp,5951.788,10mM
yoaI,cfp,3504.3926,10mM
yoaI,cfp,6333.4453,10mM
yoaI,cfp,7044.7725,10mM
yoaI,cfp,6126.1846,10mM
yoaI,cfp,4888.7354,10mM
yoaI,cfp,4505.62,10mM
yoaI,cfp,6089.2017,10mM
yoaI,cfp,3248.6128,10mM
yoaI,cfp,5898.209,10mM
yoaI,cfp,4588.9785,10mM
yoaI,cfp,5022.6025,10mM
yoaI,cfp,6274.6724,10mM
yoaI,cfp,5155.2944,10mM
yoaI,cfp,4130.004,10mM
yoaI,cfp,5157.631,10mM
yoaI,cfp,4037.0688,10mM
yoaI,cfp,5596.6836,10mM
yoaI,cfp,6554.368,10mM
yoaI,cfp,4834.2705,10mM
yoaI,cfp,5574.0728,10mM
yoaI,cfp,6299.762,10mM
yoaI,cfp,5117.335,10mM
yoaI,cfp,4317.8286,10mM
yoaI,cfp,4254.7207,10mM
yoaI,cfp,4160.762,10mM
yoaI,cfp,6353.355,10mM
yoaI,cfp,5582.1025,10mM
yoaI,cfp,3827.9092,10mM
yoaI,cfp,5042.126,10mM
yoaI,cfp,6606.3545,10mM
yoaI,cfp,4063.0884,10mM
yoaI,cfp,5352.6084,10mM
yoaI,cfp,5766.271,10mM
yoaI,cfp,4834.419,10mM
yoaI,cfp,6560.7983,10mM
yoaI,cfp,6516.1235,10mM
yoaI,cfp,6145.7026,10mM
yoaI,cfp,5340.557,10mM
yoaI,cfp,4663.403,10mM
yoaI,cfp,6298.359,10mM
yoaI,cfp,7235.066,10mM
yoaI,cfp,6096.6416,10mM
yoaI,cfp,5044.15,10mM
yoaI,cfp,4088.935,10mM
yoaI,cfp,4111.8384,10mM
yoaI,cfp,5553.147,10mM
yoaI,cfp,4275.1885,10mM
yoaI,cfp,4184.18,10mM
yoaI,cfp,4114.6973,10mM
yoaI,cfp,5816.5903,10mM
yoaI,cfp,3890.5347,10mM
yoaI,cfp,5211.791,10mM
yoaI,cfp,4388.623,10mM
yoaI,cfp,4721.1436,10mM
yoaI,cfp,4342.107,10mM
yoaI,cfp,3521.1963,10mM
yoaI,cfp,4906.7817,10mM
yoaI,cfp,5344.7544,10mM
yoaI,cfp,4743.756,10mM
yoaI,cfp,5299.208,10mM
yoaI,cfp,4485.705,10mM
yoaI,cfp,6096.4463,10mM
yoaI,cfp,3182.369,10mM
yoaI,cfp,3715.0483,10mM
yoaI,cfp,5448.6694,10mM
yoaI,cfp,4685.6978,10mM
yoaI,cfp,4527.906,10mM
yoaI,cfp,8411.959,10mM
yoaI,cfp,4711.136,10mM
yoaI,cfp,4642.099,10mM
yoaI,cfp,3874.542,10mM
yoaI,cfp,3348.736,10mM
yoaI,cfp,4796.7417,10mM
yoaI,cfp,5947.6685,10mM
yoaI,cfp,5887.583,10mM
yoaI,cfp,5999.0337,10mM
yoaI,cfp,4578.613,10mM
yoaI,cfp,4153.778,10mM
yoaI,cfp,6846.6797,10mM
yoaI,cfp,7133.7207,10mM
yoaI,cfp,6053.5356,10mM
yoaI,cfp,3251.8694,10mM
yoaI,cfp,5789.2246,10mM
yoaI,cfp,5725.032,10mM
yoaI,cfp,4188.39,10mM
yoaI,cfp,5697.17,10mM
yoaI,cfp,5847.75,10mM
yoaI,cfp,6081.413,10mM
yoaI,cfp,4386.7173,10mM
yoaI,cfp,4811.7603,10mM
yoaI,cfp,7084.9033,10mM
yoaI,cfp,7907.401,10mM
yoaI,cfp,4075.1682,10mM
yoaI,cfp,6860.576,10mM
yoaI,cfp,5681.868,10mM
yoaI,cfp,4619.1797,10mM
yoaI,cfp,4969.454,10mM
yoaI,cfp,6705.5786,10mM
yoaI,cfp,3441.2273,10mM
yoaI,cfp,3147.8433,10mM
yoaI,cfp,4604.0845,10mM
yoaI,cfp,6278.433,10mM
yoaI,cfp,6042.9736,10mM
yoaI,cfp,5406.3022,10mM
yoaI,cfp,6518.6997,10mM
yoaI,cfp,5243.857,10mM
yoaI,cfp,4655.7437,10mM
yoaI,cfp,4744.5317,10mM
yoaI,cfp,4777.091,10mM
yoaI,cfp,5594.9297,10mM
yoaI,cfp,3395.3086,10mM
yoaI,cfp,4885.7397,10mM
yoaI,cfp,6155.579,10mM
yoaI,cfp,5829.4604,10mM
yoaI,cfp,4846.388,10mM
yoaI,cfp,6331.0522,10mM
yoaI,cfp,4869.8984,10mM
yoaI,cfp,6109.277,10mM
yoaI,cfp,4773.033,10mM
yoaI,cfp,6087.6885,10mM
yoaI,cfp,4951.293,10mM
yoaI,cfp,6928.5454,10mM
yoaI,cfp,5777.438,10mM
yoaI,cfp,6415.897,10mM
yoaI,cfp,7444.8594,10mM
yoaI,cfp,5727.674,10mM
yoaI,cfp,4969.1353,10mM
yoaI,cfp,5989.3687,10mM
yoaI,cfp,6582.883,10mM
yoaI,cfp,7441.9956,10mM
yoaI,cfp,5101.4946,10mM
yoaI,cfp,4140.68,10mM
yoaI,cfp,5083.895,10mM
yoaI,cfp,5981.634,10mM
yoaI,cfp,4506.543,10mM
yoaI,cfp,4795.3335,10mM
yoaI,cfp,4829.691,10mM
yoaI,cfp,4921.5728,10mM
yoaI,cfp,5110.968,10mM
yoaI,cfp,6963.87,10mM
yoaI,cfp,5544.3726,10mM
yoaI,cfp,6434.4434,10mM
yoaI,cfp,5510.5317,10mM
yoaI,cfp,4166.163,10mM
yoaI,cfp,5840.7183,10mM
yoaI,cfp,7181.6396,10mM
yoaI,cfp,5519.1675,10mM
yoaI,cfp,4696.0747,10mM
yoaI,cfp,4520.7007,10mM
yoaI,cfp,5174.726,10mM
yoaI,cfp,3095.9324,10mM
yoaI,cfp,6797.4385,10mM
yoaI,cfp,4445.3403,10mM
yoaI,cfp,4233.027,10mM
yoaI,cfp,6159.474,10mM
yoaI,cfp,5194.929,10mM
yoaI,cfp,7221.16,10mM
yoaI,cfp,4765.1396,10mM
yoaI,cfp,5378,10mM
yoaI,cfp,4307.373,10mM
yoaI,cfp,5383.304,10mM
yoaI,cfp,5033.1943,10mM
yoaI,cfp,4912.517,10mM
yoaI,cfp,4901.4253,10mM
yoaI,cfp,5937.966,10mM
yoaI,cfp,4203.916,10mM
yoaI,cfp,4175.7485,10mM
yoaI,cfp,6011.9287,10mM
yoaI,cfp,4453.674,10mM
yoaI,cfp,8946.57,10mM
yoaI,cfp,4731.142,10mM
yoaI,cfp,8372.727,10mM
yoaI,cfp,4308.3228,10mM
yoaI,cfp,3259.6235,10mM
yoaI,cfp,4912.0684,10mM
yoaI,cfp,4167.7,10mM
yoaI,cfp,5364.951,10mM
yoaI,cfp,6312.8716,10mM
yoaI,cfp,4596.961,10mM
yoaI,cfp,4808.101,10mM
yoaI,cfp,6284.1943,10mM
yoaI,cfp,7242.229,10mM
yoaI,cfp,5339.6,10mM
yoaI,cfp,6548.353,10mM
yoaI,cfp,8758.522,10mM
yoaI,cfp,5404.353,10mM
yoaI,cfp,6032.658,10mM
yoaI,cfp,5347.7275,10mM
yoaI,cfp,4173.1514,10mM
yoaI,cfp,6190.946,10mM
yoaI,cfp,6053.4316,10mM
yoaI,cfp,5908.011,10mM
yoaI,cfp,3044.6978,10mM
yoaI,cfp,4690.387,10mM
yoaI,cfp,4558.701,10mM
yoaI,cfp,5020.057,10mM
yoaI,cfp,4704.53,10mM
yoaI,cfp,5289.386,10mM
yoaI,cfp,3976.36,10mM
yoaI,cfp,3856.5684,10mM
yoaI,cfp,5961.718,10mM
yoaI,cfp,5030.4697,10mM
yoaI,cfp,4721.4326,10mM
yoaI,cfp,4424.9883,10mM
yoaI,cfp,6136.593,10mM
yoaI,cfp,6308.006,10mM
yoaI,cfp,5134.6045,10mM
yoaI,cfp,4041.6243,10mM
yoaI,cfp,4716.292,10mM
yoaI,cfp,6764.86,10mM
yoaI,cfp,5061.2236,10mM
yoaI,cfp,5320.7173,10mM
yoaI,cfp,5145.0557,10mM
yoaI,cfp,5185.297,10mM
yoaI,cfp,4879.0396,10mM
yoaI,cfp,8873.331,10mM
yoaI,cfp,3617.1775,10mM
yoaI,cfp,5256.1963,10mM
yoaI,cfp,5565.813,10mM
yoaI,cfp,4328.0786,10mM
yoaI,cfp,5876.6255,10mM
yoaI,cfp,7425.6626,10mM
yoaI,cfp,5682.271,10mM
yoaI,cfp,4671.27,10mM
yoaI,cfp,5329.6626,10mM
yoaI,cfp,6185.0195,10mM
yoaI,cfp,6485.754,10mM
yoaI,cfp,5388.247,10mM
yoaI,cfp,7210.5513,10mM
yoaI,cfp,4521.88,10mM
yoaI,cfp,5765.906,10mM
yoaI,cfp,5886.275,10mM
yoaI,cfp,6373.933,10mM
yoaI,cfp,5132.083,10mM
yoaI,cfp,4364.5513,10mM
yoaI,cfp,5991.705,10mM
yoaI,cfp,5251.036,10mM
yoaI,cfp,4283.1187,10mM
yoaI,cfp,3752.3193,10mM
yoaI,cfp,8404.223,10mM
yoaI,cfp,6804.463,10mM
yoaI,cfp,6866.5815,10mM
yoaI,cfp,5309.4644,10mM
yoaI,cfp,3247.8,10mM
yoaI,cfp,4412.1255,10mM
yoaI,cfp,4187.4395,10mM
yoaI,cfp,4794.6665,10mM
yoaI,cfp,6402.361,10mM
yoaI,cfp,6115.14,10mM
yoaI,cfp,5645.564,10mM
yoaI,cfp,8136.2515,10mM
yoaI,cfp,4582.5854,10mM
yoaI,cfp,7529.1284,10mM
yoaI,cfp,6897.7095,10mM
yoaI,cfp,6986.943,10mM
yoaI,cfp,5314.465,10mM
yoaI,cfp,3693.4077,10mM
yoaI,cfp,3365.1482,10mM
yoaI,cfp,5096.708,10mM
yoaI,cfp,4383.7974,10mM
yoaI,cfp,6119.924,10mM
yoaI,cfp,4839.4067,10mM
yoaI,cfp,5659.6074,10mM
yoaI,cfp,5415.5723,10mM
yoaI,cfp,6032.172,10mM
yoaI,cfp,5453.052,10mM
yoaI,cfp,5150.2744,10mM
yoaI,cfp,5292.7285,10mM
yoaI,cfp,5416.045,10mM
yoaI,cfp,5063.559,10mM
yoaI,cfp,4800.642,10mM
yoaI,cfp,3483.5483,10mM
yoaI,cfp,4907.987,10mM
yoaI,cfp,4658.414,10mM
yoaI,cfp,7085.342,10mM
yoaI,cfp,4223.557,10mM
yoaI,cfp,5301.082,10mM
yoaI,cfp,4379.72,10mM
yoaI,cfp,5523.8047,10mM
yoaI,cfp,4840.503,10mM
yoaI,cfp,4798.05,10mM
yoaI,cfp,4219.578,10mM
yoaI,cfp,8319.746,10mM
yoaI,cfp,5045.8257,10mM
yoaI,cfp,3451.3022,10mM
yoaI,cfp,4519.5,10mM
yoaI,cfp,5869.774,10mM
yoaI,cfp,4997.6357,10mM
yoaI,cfp,5355.336,10mM
yoaI,cfp,8303.718,10mM
yoaI,cfp,7464.3945,10mM
yoaI,cfp,4662.8076,10mM
yoaI,cfp,4849.81,10mM
yoaI,cfp,6686.817,10mM
yoaI,cfp,5296.7534,10mM
yoaI,cfp,4831.8647,10mM
yoaI,cfp,5307.7314,10mM
yoaI,cfp,4870.25,10mM
yoaI,cfp,5447.6772,10mM
yoaI,cfp,4726.5317,10mM
yoaI,cfp,5143.549,10mM
yoaI,cfp,4196.9927,10mM
yoaI,cfp,3070.1448,10mM
yoaI,cfp,9239.208,10mM
yoaI,cfp,5025.694,10mM
yoaI,cfp,4502.157,10mM
yoaI,cfp,4290.248,10mM
yoaI,cfp,5622.9224,10mM
yoaI,cfp,5604.048,10mM
yoaI,cfp,6275.9863,10mM
yoaI,cfp,4293.326,10mM
yoaI,cfp,4798.8164,10mM
yoaI,cfp,7719.1333,10mM
yoaI,cfp,6575.053,10mM
yoaI,cfp,6730.9106,10mM
yoaI,cfp,4280.871,10mM
yoaI,cfp,5199.623,10mM
yoaI,cfp,5572.349,10mM
yoaI,cfp,5221.8516,10mM
yoaI,cfp,5220.066,10mM
yoaI,cfp,4232.08,10mM
yoaI,cfp,6695.569,10mM
yoaI,cfp,6410.6206,10mM
yoaI,cfp,6841.027,10mM
yoaI,cfp,4828.71,10mM
yoaI,cfp,4674.9175,10mM
yoaI,cfp,11909.47,10mM
yoaI,cfp,6438.6816,10mM
yoaI,cfp,5691.418,10mM
yoaI,cfp,4790.783,10mM
yoaI,cfp,5360.8945,10mM
yoaI,cfp,4457.2104,10mM
yoaI,cfp,5514.145,10mM
yoaI,cfp,5434.717,10mM
yoaI,cfp,6580.7104,10mM
yoaI,cfp,6115.157,10mM
yoaI,cfp,3261.5566,10mM
yoaI,cfp,5947.387,10mM
yoaI,cfp,3246.4856,10mM
yoaI,cfp,8909.186,10mM
yoaI,cfp,4939.143,10mM
yoaI,cfp,3588.4114,no_mg
yoaI,cfp,3620.7156,no_mg
yoaI,cfp,3637.858,no_mg
yoaI,cfp,3658.4285,no_mg
yoaI,cfp,3662.1296,no_mg
yoaI,cfp,3746.951,no_mg
yoaI,cfp,3751.0928,no_mg
yoaI,cfp,3788.3694,no_mg
yoaI,cfp,3832.3447,no_mg
yoaI,cfp,3842.2644,no_mg
yoaI,cfp,3849.261,no_mg
yoaI,cfp,3874.995,no_mg
yoaI,cfp,3905.3757,no_mg
yoaI,cfp,3906.5037,no_mg
yoaI,cfp,3922.239,no_mg
yoaI,cfp,3924.497,no_mg
yoaI,cfp,3926.6243,no_mg
yoaI,cfp,3930.284,no_mg
yoaI,cfp,3934.5117,no_mg
yoaI,cfp,3949.5828,no_mg
yoaI,cfp,3967.788,no_mg
yoaI,cfp,3973.8787,no_mg
yoaI,cfp,3976.6519,no_mg
yoaI,cfp,3980.114,no_mg
yoaI,cfp,4006.2886,no_mg
yoaI,cfp,4028.7234,no_mg
yoaI,cfp,4036.452,no_mg
yoaI,cfp,4044.5266,no_mg
yoaI,cfp,4044.6177,no_mg
yoaI,cfp,4051.9304,no_mg
yoaI,cfp,4060.2136,no_mg
yoaI,cfp,4067.0894,no_mg
yoaI,cfp,4081.4966,no_mg
yoaI,cfp,4095.8325,no_mg
yoaI,cfp,4111.548,no_mg
yoaI,cfp,4122.7905,no_mg
yoaI,cfp,4124.7207,no_mg
yoaI,cfp,4128.4644,no_mg
yoaI,cfp,4138.9634,no_mg
yoaI,cfp,4153.3667,no_mg
yoaI,cfp,4154.3745,no_mg
yoaI,cfp,4154.4062,no_mg
yoaI,cfp,4154.407,no_mg
yoaI,cfp,4159.6587,no_mg
yoaI,cfp,4159.9614,no_mg
yoaI,cfp,4188.8413,no_mg
yoaI,cfp,4219.0063,no_mg
yoaI,cfp,4243.6484,no_mg
yoaI,cfp,4277.1533,no_mg
yoaI,cfp,4281.031,no_mg
yoaI,cfp,4281.578,no_mg
yoaI,cfp,4288.5063,no_mg
yoaI,cfp,4297.3657,no_mg
yoaI,cfp,4303.593,no_mg
yoaI,cfp,4317.3643,no_mg
yoaI,cfp,4321.9053,no_mg
yoaI,cfp,4330.832,no_mg
yoaI,cfp,4333.128,no_mg
yoaI,cfp,4344.903,no_mg
yoaI,cfp,4355.134,no_mg
yoaI,cfp,4361.402,no_mg
yoaI,cfp,4362.1006,no_mg
yoaI,cfp,4365.8916,no_mg
yoaI,cfp,4368.298,no_mg
yoaI,cfp,4378.507,no_mg
yoaI,cfp,4384.4355,no_mg
yoaI,cfp,4406.3174,no_mg
yoaI,cfp,4406.614,no_mg
yoaI,cfp,4413.1216,no_mg
yoaI,cfp,4438.6494,no_mg
yoaI,cfp,4448.618,no_mg
yoaI,cfp,4451.527,no_mg
yoaI,cfp,4459.915,no_mg
yoaI,cfp,4459.9604,no_mg
yoaI,cfp,4461.4907,no_mg
yoaI,cfp,4471.73,no_mg
yoaI,cfp,4472.4536,no_mg
yoaI,cfp,4487.694,no_mg
yoaI,cfp,4490.5205,no_mg
yoaI,cfp,4497.611,no_mg
yoaI,cfp,4500.4546,no_mg
yoaI,cfp,4500.482,no_mg
yoaI,cfp,4513.826,no_mg
yoaI,cfp,4526.773,no_mg
yoaI,cfp,4527.3784,no_mg
yoaI,cfp,4527.84,no_mg
yoaI,cfp,4527.887,no_mg
yoaI,cfp,4535.106,no_mg
yoaI,cfp,4540.319,no_mg
yoaI,cfp,4548.8203,no_mg
yoaI,cfp,4561.2515,no_mg
yoaI,cfp,4563.7534,no_mg
yoaI,cfp,4601.195,no_mg
yoaI,cfp,4602.138,no_mg
yoaI,cfp,4602.5737,no_mg
yoaI,cfp,4606.8994,no_mg
yoaI,cfp,4609.1396,no_mg
yoaI,cfp,4626.562,no_mg
yoaI,cfp,4638.039,no_mg
yoaI,cfp,4639.468,no_mg
yoaI,cfp,4639.5854,no_mg
yoaI,cfp,4640.3647,no_mg
yoaI,cfp,4647.212,no_mg
yoaI,cfp,4657.9243,no_mg
yoaI,cfp,4693.4,no_mg
yoaI,cfp,4697.3784,no_mg
yoaI,cfp,4723.988,no_mg
yoaI,cfp,4727.2827,no_mg
yoaI,cfp,4734.7485,no_mg
yoaI,cfp,4746.38,no_mg
yoaI,cfp,4747.354,no_mg
yoaI,cfp,4747.374,no_mg
yoaI,cfp,4752.432,no_mg
yoaI,cfp,4754.063,no_mg
yoaI,cfp,4767.0396,no_mg
yoaI,cfp,4768.128,no_mg
yoaI,cfp,4769.2285,no_mg
yoaI,cfp,4778.006,no_mg
yoaI,cfp,4784.8306,no_mg
yoaI,cfp,4792.3315,no_mg
yoaI,cfp,4801.297,no_mg
yoaI,cfp,4816.7954,no_mg
yoaI,cfp,4817.067,no_mg
yoaI,cfp,4820.0737,no_mg
yoaI,cfp,4824.1016,no_mg
yoaI,cfp,4827.6196,no_mg
yoaI,cfp,4828.381,no_mg
yoaI,cfp,4830.1987,no_mg
yoaI,cfp,4830.9263,no_mg
yoaI,cfp,4832.5513,no_mg
yoaI,cfp,4834.715,no_mg
yoaI,cfp,4840.025,no_mg
yoaI,cfp,4844.5156,no_mg
yoaI,cfp,4850.6963,no_mg
yoaI,cfp,4851.474,no_mg
yoaI,cfp,4855.5156,no_mg
yoaI,cfp,4873.019,no_mg
yoaI,cfp,4873.6587,no_mg
yoaI,cfp,4880.1445,no_mg
yoaI,cfp,4883.2085,no_mg
yoaI,cfp,4889.9624,no_mg
yoaI,cfp,4890.5137,no_mg
yoaI,cfp,4893.27,no_mg
yoaI,cfp,4902.1772,no_mg
yoaI,cfp,4903.6904,no_mg
yoaI,cfp,4932.2837,no_mg
yoaI,cfp,4942.8,no_mg
yoaI,cfp,4951.013,no_mg
yoaI,cfp,4968.2715,no_mg
yoaI,cfp,4969.4,no_mg
yoaI,cfp,4970.6333,no_mg
yoaI,cfp,4971.269,no_mg
yoaI,cfp,4977.9927,no_mg
yoaI,cfp,4978.5103,no_mg
yoaI,cfp,4979.221,no_mg
yoaI,cfp,4985.943,no_mg
yoaI,cfp,4988.971,no_mg
yoaI,cfp,4991.6567,no_mg
yoaI,cfp,5001.01,no_mg
yoaI,cfp,5005.623,no_mg
yoaI,cfp,5007.1143,no_mg
yoaI,cfp,5010.3643,no_mg
yoaI,cfp,5014.521,no_mg
yoaI,cfp,5016.1714,no_mg
yoaI,cfp,5043.1577,no_mg
yoaI,cfp,5043.313,no_mg
yoaI,cfp,5046.7344,no_mg
yoaI,cfp,5049.2466,no_mg
yoaI,cfp,5060.2324,no_mg
yoaI,cfp,5072.313,no_mg
yoaI,cfp,5079.5483,no_mg
yoaI,cfp,5086.0137,no_mg
yoaI,cfp,5086.8677,no_mg
yoaI,cfp,5089.837,no_mg
yoaI,cfp,5090.145,no_mg
yoaI,cfp,5095.7876,no_mg
yoaI,cfp,5096.888,no_mg
yoaI,cfp,5103,no_mg
yoaI,cfp,5112.09,no_mg
yoaI,cfp,5115.326,no_mg
yoaI,cfp,5123.408,no_mg
yoaI,cfp,5131.4873,no_mg
yoaI,cfp,5138.0615,no_mg
yoaI,cfp,5148.9253,no_mg
yoaI,cfp,5151.5977,no_mg
yoaI,cfp,5156.0337,no_mg
yoaI,cfp,5156.924,no_mg
yoaI,cfp,5159.6504,no_mg
yoaI,cfp,5167.9204,no_mg
yoaI,cfp,5169.3604,no_mg
yoaI,cfp,5171.29,no_mg
yoaI,cfp,5178.0537,no_mg
yoaI,cfp,5185.7207,no_mg
yoaI,cfp,5185.945,no_mg
yoaI,cfp,5187.6426,no_mg
yoaI,cfp,5190.229,no_mg
yoaI,cfp,5190.2344,no_mg
yoaI,cfp,5192.0825,no_mg
yoaI,cfp,5194.9077,no_mg
yoaI,cfp,5212.636,no_mg
yoaI,cfp,5220.4346,no_mg
yoaI,cfp,5223.8027,no_mg
yoaI,cfp,5248.5493,no_mg
yoaI,cfp,5252.433,no_mg
yoaI,cfp,5257.0337,no_mg
yoaI,cfp,5271.88,no_mg
yoaI,cfp,5299.4644,no_mg
yoaI,cfp,5313.345,no_mg
yoaI,cfp,5313.692,no_mg
yoaI,cfp,5340.167,no_mg
yoaI,cfp,5346.335,no_mg
yoaI,cfp,5346.629,no_mg
yoaI,cfp,5352.369,no_mg
yoaI,cfp,5367.0464,no_mg
yoaI,cfp,5368.0977,no_mg
yoaI,cfp,5368.1875,no_mg
yoaI,cfp,5374.263,no_mg
yoaI,cfp,5393.461,no_mg
yoaI,cfp,5398.673,no_mg
yoaI,cfp,5401.463,no_mg
yoaI,cfp,5401.4746,no_mg
yoaI,cfp,5403.7124,no_mg
yoaI,cfp,5405.825,no_mg
yoaI,cfp,5411.191,no_mg
yoaI,cfp,5413.126,no_mg
yoaI,cfp,5417.459,no_mg
yoaI,cfp,5430.8086,no_mg
yoaI,cfp,5431.9917,no_mg
yoaI,cfp,5435.943,no_mg
yoaI,cfp,5449.976,no_mg
yoaI,cfp,5453.139,no_mg
yoaI,cfp,5466.5083,no_mg
yoaI,cfp,5484.8813,no_mg
yoaI,cfp,5496.1973,no_mg
yoaI,cfp,5497.613,no_mg
yoaI,cfp,5502.4497,no_mg
yoaI,cfp,5524.7656,no_mg
yoaI,cfp,5525.335,no_mg
yoaI,cfp,5527.7637,no_mg
yoaI,cfp,5539.863,no_mg
yoaI,cfp,5555.2593,no_mg
yoaI,cfp,5557.562,no_mg
yoaI,cfp,5561.797,no_mg
yoaI,cfp,5565.351,no_mg
yoaI,cfp,5576.198,no_mg
yoaI,cfp,5576.2583,no_mg
yoaI,cfp,5594.404,no_mg
yoaI,cfp,5595.409,no_mg
yoaI,cfp,5595.689,no_mg
yoaI,cfp,5602.6147,no_mg
yoaI,cfp,5612.7837,no_mg
yoaI,cfp,5614.7563,no_mg
yoaI,cfp,5618.8013,no_mg
yoaI,cfp,5645.56,no_mg
yoaI,cfp,5646.2637,no_mg
yoaI,cfp,5659.438,no_mg
yoaI,cfp,5664.716,no_mg
yoaI,cfp,5687.645,no_mg
yoaI,cfp,5689.3105,no_mg
yoaI,cfp,5691.1333,no_mg
yoaI,cfp,5696.671,no_mg
yoaI,cfp,5698.313,no_mg
yoaI,cfp,5701.9883,no_mg
yoaI,cfp,5717.822,no_mg
yoaI,cfp,5722.1514,no_mg
yoaI,cfp,5742.346,no_mg
yoaI,cfp,5744.0796,no_mg
yoaI,cfp,5746,no_mg
yoaI,cfp,5779.7686,no_mg
yoaI,cfp,5781.2817,no_mg
yoaI,cfp,5792.148,no_mg
yoaI,cfp,5793.2705,no_mg
yoaI,cfp,5797.7637,no_mg
yoaI,cfp,5802.8867,no_mg
yoaI,cfp,5813.7534,no_mg
yoaI,cfp,5845.4014,no_mg
yoaI,cfp,5849.3276,no_mg
yoaI,cfp,5855.2397,no_mg
yoaI,cfp,5856.4062,no_mg
yoaI,cfp,5863.8887,no_mg
yoaI,cfp,5874.5796,no_mg
yoaI,cfp,5878.933,no_mg
yoaI,cfp,5891.7197,no_mg
yoaI,cfp,5898.962,no_mg
yoaI,cfp,5902.987,no_mg
yoaI,cfp,5907.7417,no_mg
yoaI,cfp,5911.096,no_mg
yoaI,cfp,5918.4263,no_mg
yoaI,cfp,5935.3813,no_mg
yoaI,cfp,5938.23,no_mg
yoaI,cfp,5963.101,no_mg
yoaI,cfp,5969.675,no_mg
yoaI,cfp,5970.96,no_mg
yoaI,cfp,5979.3926,no_mg
yoaI,cfp,5980.2754,no_mg
yoaI,cfp,5984.7456,no_mg
yoaI,cfp,6001.712,no_mg
yoaI,cfp,6013.991,no_mg
yoaI,cfp,6045.7295,no_mg
yoaI,cfp,6049.1196,no_mg
yoaI,cfp,6053.8813,no_mg
yoaI,cfp,6058.172,no_mg
yoaI,cfp,6072.159,no_mg
yoaI,cfp,6112,no_mg
yoaI,cfp,6115.8696,no_mg
yoaI,cfp,6143.2515,no_mg
yoaI,cfp,6149.9443,no_mg
yoaI,cfp,6172.708,no_mg
yoaI,cfp,6180.282,no_mg
yoaI,cfp,6201.3335,no_mg
yoaI,cfp,6204.0054,no_mg
yoaI,cfp,6214.972,no_mg
yoaI,cfp,6257.459,no_mg
yoaI,cfp,6260.165,no_mg
yoaI,cfp,6269.5845,no_mg
yoaI,cfp,6275.2637,no_mg
yoaI,cfp,6284.961,no_mg
yoaI,cfp,6301.661,no_mg
yoaI,cfp,6310.629,no_mg
yoaI,cfp,6312.3335,no_mg
yoaI,cfp,6315.745,no_mg
yoaI,cfp,6316.3237,no_mg
yoaI,cfp,6321.818,no_mg
yoaI,cfp,6327.194,no_mg
yoaI,cfp,6372.8335,no_mg
yoaI,cfp,6394.0884,no_mg
yoaI,cfp,6471.761,no_mg
yoaI,cfp,6504.763,no_mg
yoaI,cfp,6505.5293,no_mg
yoaI,cfp,6509.898,no_mg
yoaI,cfp,6519.512,no_mg
yoaI,cfp,6523.226,no_mg
yoaI,cfp,6546.76,no_mg
yoaI,cfp,6611.1646,no_mg
yoaI,cfp,6632.451,no_mg
yoaI,cfp,6634.0527,no_mg
yoaI,cfp,6722.8154,no_mg
yoaI,cfp,6731.591,no_mg
yoaI,cfp,6740.4556,no_mg
yoaI,cfp,6750.6104,no_mg
yoaI,cfp,6773.2197,no_mg
yoaI,cfp,6808.5576,no_mg
yoaI,cfp,6837.4937,no_mg
yoaI,cfp,6846.4683,no_mg
yoaI,cfp,6860.576,no_mg
yoaI,cfp,6909.2334,no_mg
yoaI,cfp,6912.982,no_mg
yoaI,cfp,6914.115,no_mg
yoaI,cfp,6920.417,no_mg
yoaI,cfp,6940.009,no_mg
yoaI,cfp,6965.6577,no_mg
yoaI,cfp,7005.6216,no_mg
yoaI,cfp,7013.406,no_mg
yoaI,cfp,7020.3174,no_mg
yoaI,cfp,7052.461,no_mg
yoaI,cfp,7062.354,no_mg
yoaI,cfp,7081.478,no_mg
yoaI,cfp,7092.1885,no_mg
yoaI,cfp,7138.7456,no_mg
yoaI,cfp,7160.115,no_mg
yoaI,cfp,7169.7256,no_mg
yoaI,cfp,7180.0044,no_mg
yoaI,cfp,7232.1055,no_mg
yoaI,cfp,7347.529,no_mg
yoaI,cfp,7350.916,no_mg
yoaI,cfp,7355.852,no_mg
yoaI,cfp,7368.236,no_mg
yoaI,cfp,7370.4395,no_mg
yoaI,cfp,7406.973,no_mg
yoaI,cfp,7442,no_mg
yoaI,cfp,7444.431,no_mg
yoaI,cfp,7504.2197,no_mg
yoaI,cfp,7575.484,no_mg
yoaI,cfp,7611.024,no_mg
yoaI,cfp,7737.07,no_mg
yoaI,cfp,7797.1875,no_mg
yoaI,cfp,7934.623,no_mg
yoaI,cfp,8110.792,no_mg
yoaI,cfp,8204.264,no_mg
yoaI,cfp,8350.7295,no_mg