strain,fluorescence,stress,type
wild_type,1453.5541,No_stress,Phos
wild_type,4036.7273,No_stress,Phos
wild_type,1098.1781,No_stress,Phos
wild_type,1581.0728,No_stress,Phos
wild_type,1390.3385,No_stress,Phos
wild_type,1118.8422,No_stress,Phos
wild_type,1741.4932,No_stress,Phos
wild_type,1518.2037,No_stress,Phos
wild_type,965.1392,No_stress,Phos
wild_type,1047.9524,No_stress,Phos
wild_type,2712.027,No_stress,Phos
wild_type,2855.3906,No_stress,Phos
wild_type,2373.257,No_stress,Phos
wild_type,1493.193,No_stress,Phos
wild_type,1062.2295,No_stress,Phos
wild_type,953.1579,No_stress,Phos
wild_type,1036.7593,No_stress,Phos
wild_type,2257.3167,No_stress,Phos
wild_type,2028.1562,No_stress,Phos
wild_type,1058.2808,No_stress,Phos
wild_type,1045.1968,No_stress,Phos
wild_type,1102.2794,No_stress,Phos
wild_type,2741.1775,No_stress,Phos
wild_type,1488.4921,No_stress,Phos
wild_type,2683.137,No_stress,Phos
wild_type,1814.1167,No_stress,Phos
wild_type,1935.1904,No_stress,Phos
wild_type,1105.8286,No_stress,Phos
wild_type,2323.419,No_stress,Phos
wild_type,2259.7324,No_stress,Phos
wild_type,1592.8524,No_stress,Phos
wild_type,3192.8333,No_stress,Phos
wild_type,1575.9857,No_stress,Phos
wild_type,3087.228,No_stress,Phos
wild_type,2086.4194,No_stress,Phos
wild_type,1400.8125,No_stress,Phos
wild_type,1677.8613,No_stress,Phos
wild_type,1717.3582,No_stress,Phos
wild_type,1163.9474,No_stress,Phos
wild_type,1539.2452,No_stress,Phos
wild_type,1567.8857,No_stress,Phos
wild_type,1446.6809,No_stress,Phos
wild_type,1123.3,No_stress,Phos
wild_type,1718.7015,No_stress,Phos
wild_type,1129.1702,No_stress,Phos
wild_type,1759.2778,No_stress,Phos
wild_type,1774.2203,No_stress,Phos
wild_type,2497.8477,No_stress,Phos
wild_type,1855.0952,No_stress,Phos
wild_type,946.1573,No_stress,Phos
wild_type,1924.2267,No_stress,Phos
wild_type,1601.4133,No_stress,Phos
wild_type,1374.9259,No_stress,Phos
wild_type,789.61646,No_stress,Phos
wild_type,918.0417,No_stress,Phos
wild_type,2399.182,No_stress,Phos
wild_type,2844.203,No_stress,Phos
wild_type,2054.7163,No_stress,Phos
wild_type,908.0706,No_stress,Phos
wild_type,1753.2344,No_stress,Phos
wild_type,851.931,No_stress,Phos
wild_type,2773.3635,No_stress,Phos
wild_type,1870.9365,No_stress,Phos
wild_type,2418.9915,No_stress,Phos
wild_type,1658.6781,No_stress,Phos
wild_type,2137.673,No_stress,Phos
wild_type,1272.1395,No_stress,Phos
wild_type,2889.507,No_stress,Phos
wild_type,755.78687,No_stress,Phos
wild_type,3562.7068,No_stress,Phos
wild_type,1808.6395,No_stress,Phos
wild_type,3888.127,No_stress,Phos
wild_type,2051.0508,No_stress,Phos
wild_type,2391.054,No_stress,Phos
wild_type,1378.5741,No_stress,Phos
wild_type,1380.0741,No_stress,Phos
wild_type,1071.0986,No_stress,Phos
wild_type,1697.7207,No_stress,Phos
wild_type,1614.8193,No_stress,Phos
wild_type,1747.4429,No_stress,Phos
wild_type,1027.5,No_stress,Phos
wild_type,1530.4867,No_stress,Phos
wild_type,1725.4814,No_stress,Phos
wild_type,1505.2031,No_stress,Phos
wild_type,1709.88,No_stress,Phos
wild_type,3266.845,No_stress,Phos
wild_type,3070.0508,No_stress,Phos
wild_type,1885.2211,No_stress,Phos
wild_type,1156.9663,No_stress,Phos
wild_type,2813.1528,No_stress,Phos
wild_type,1646.8195,No_stress,Phos
wild_type,1496.6119,No_stress,Phos
wild_type,1804.1449,No_stress,Phos
wild_type,1569.2329,No_stress,Phos
wild_type,1060.2949,No_stress,Phos
wild_type,892.7,No_stress,Phos
wild_type,1310.3253,No_stress,Phos
wild_type,1755.7576,No_stress,Phos
wild_type,2105.5657,No_stress,Phos
wild_type,1044.7761,No_stress,Phos
wild_type,2437.9688,No_stress,Phos
wild_type,846.1905,No_stress,Phos
wild_type,1104.8025,No_stress,Phos
wild_type,1871.0615,No_stress,Phos
wild_type,1180.8235,No_stress,Phos
wild_type,1766.9642,No_stress,Phos
wild_type,1679.1818,No_stress,Phos
wild_type,2568.7612,No_stress,Phos
wild_type,1835.4203,No_stress,Phos
wild_type,1967.494,No_stress,Phos
wild_type,1023.7647,No_stress,Phos
wild_type,1749.9012,No_stress,Phos
wild_type,3025.3418,No_stress,Phos
wild_type,1668,No_stress,Phos
wild_type,1853.4512,No_stress,Phos
wild_type,2022.7916,No_stress,Phos
wild_type,2438.1172,No_stress,Phos
wild_type,1329.8513,No_stress,Phos
wild_type,1332.8485,No_stress,Phos
wild_type,1152.4131,No_stress,Phos
wild_type,1785.9661,No_stress,Phos
wild_type,3444.4119,No_stress,Phos
wild_type,2150.8386,No_stress,Phos
wild_type,1901.7529,No_stress,Phos
wild_type,2241.0166,No_stress,Phos
wild_type,1853.6578,No_stress,Phos
wild_type,1467.0667,No_stress,Phos
wild_type,1879.4719,No_stress,Phos
wild_type,979.24176,No_stress,Phos
wild_type,1958.2125,No_stress,Phos
wild_type,2998.9402,No_stress,Phos
wild_type,3594.1804,No_stress,Phos
wild_type,2065.1968,No_stress,Phos
wild_type,4674.178,No_stress,Phos
wild_type,2586.855,No_stress,Phos
wild_type,3176.8413,No_stress,Phos
wild_type,1332.2162,No_stress,Phos
wild_type,1677.1343,No_stress,Phos
wild_type,1240.0441,No_stress,Phos
wild_type,1892.1794,No_stress,Phos
wild_type,3630.374,No_stress,Phos
wild_type,1862.2778,No_stress,Phos
wild_type,2744.5952,No_stress,Phos
wild_type,1152.7847,No_stress,Phos
wild_type,979,No_stress,Phos
wild_type,1188.6923,No_stress,Phos
wild_type,1929.0244,No_stress,Phos
wild_type,2194.695,No_stress,Phos
wild_type,1266.3448,No_stress,Phos
wild_type,2677.697,No_stress,Phos
wild_type,2312.013,No_stress,Phos
wild_type,1555.2875,No_stress,Phos
wild_type,1593.1868,No_stress,Phos
wild_type,2038.1384,No_stress,Phos
wild_type,1145.7294,No_stress,Phos
wild_type,3421.1538,No_stress,Phos
wild_type,2280.972,No_stress,Phos
wild_type,2157.5642,No_stress,Phos
wild_type,1208.3226,No_stress,Phos
wild_type,1804.663,No_stress,Phos
wild_type,2565.8696,No_stress,Phos
wild_type,1759.4921,No_stress,Phos
wild_type,2542.6614,No_stress,Phos
wild_type,2129.3457,No_stress,Phos
wild_type,1396.0677,No_stress,Phos
wild_type,1133.1617,No_stress,Phos
wild_type,2293.05,No_stress,Phos
wild_type,1772.3729,No_stress,Phos
wild_type,1360.0172,No_stress,Phos
wild_type,1760.5938,No_stress,Phos
wild_type,2135.4587,No_stress,Phos
wild_type,3980.065,No_stress,Phos
wild_type,2002.3379,No_stress,Phos
wild_type,1417.6714,No_stress,Phos
wild_type,3084.5981,No_stress,Phos
wild_type,2048.8818,No_stress,Phos
wild_type,1056.8813,No_stress,Phos
wild_type,3438.7976,No_stress,Phos
wild_type,2088.1147,No_stress,Phos
wild_type,3709,No_stress,Phos
wild_type,1891.026,No_stress,Phos
wild_type,2990.359,No_stress,Phos
wild_type,844.1667,No_stress,Phos
wild_type,1224.1731,No_stress,Phos
wild_type,2198.989,No_stress,Phos
wild_type,3347.95,No_stress,Phos
wild_type,1858.2812,No_stress,Phos
wild_type,1215.5968,No_stress,Phos
wild_type,1744.5286,No_stress,Phos
wild_type,1459.9066,No_stress,Phos
wild_type,1151.9011,No_stress,Phos
wild_type,2119.7104,No_stress,Phos
wild_type,2491.527,No_stress,Phos
wild_type,2592.762,No_stress,Phos
wild_type,764.5,No_stress,Phos
wild_type,1130.25,No_stress,Phos
wild_type,1801.5652,No_stress,Phos
wild_type,1383.1719,No_stress,Phos
wild_type,4303,No_stress,Phos
wild_type,2362.2346,No_stress,Phos
wild_type,4033.963,No_stress,Phos
wild_type,3528.117,No_stress,Phos
wild_type,923.2857,No_stress,Phos
wild_type,2638.24,No_stress,Phos
wild_type,1867.012,No_stress,Phos
wild_type,1311.404,No_stress,Phos
wild_type,3328.1445,No_stress,Phos
wild_type,3294,No_stress,Phos
wild_type,1076.8833,No_stress,Phos
wild_type,1881.9872,No_stress,Phos
wild_type,1238.6139,No_stress,Phos
wild_type,3100.125,No_stress,Phos
wild_type,2096.2559,No_stress,Phos
wild_type,2377.4102,No_stress,Phos
wild_type,2001.0316,No_stress,Phos
wild_type,1192.1045,No_stress,Phos
wild_type,2087.6265,No_stress,Phos
wild_type,2019.4835,No_stress,Phos
wild_type,2285.8,No_stress,Phos
wild_type,2180.1538,No_stress,Phos
wild_type,3578.3142,No_stress,Phos
wild_type,1474.1538,No_stress,Phos
wild_type,1342.2858,No_stress,Phos
wild_type,4077.842,No_stress,Phos
wild_type,1251.091,No_stress,Phos
wild_type,2403.1223,No_stress,Phos
wild_type,1229.8143,No_stress,Phos
wild_type,1583.2598,No_stress,Phos
wild_type,2213.926,No_stress,Phos
wild_type,1860.195,No_stress,Phos
wild_type,4221.8936,No_stress,Phos
wild_type,5066.5645,No_stress,Phos
wild_type,2306.6667,No_stress,Phos
wild_type,2255.6987,No_stress,Phos
wild_type,1471.481,No_stress,Phos
wild_type,2236.9736,No_stress,Phos
wild_type,1630.5735,No_stress,Phos
wild_type,3234.3462,No_stress,Phos
wild_type,1647.2991,No_stress,Phos
wild_type,1754.0354,No_stress,Phos
wild_type,2116.53,No_stress,Phos
wild_type,3237.141,No_stress,Phos
wild_type,2482.639,No_stress,Phos
wild_type,1481.602,No_stress,Phos
wild_type,1463.284,No_stress,Phos
wild_type,2190.3115,No_stress,Phos
wild_type,1321.1666,No_stress,Phos
wild_type,2411.5625,No_stress,Phos
wild_type,1619.369,No_stress,Phos
wild_type,1202.0564,No_stress,Phos
wild_type,917.3372,No_stress,Phos
wild_type,2071.9734,No_stress,Phos
wild_type,1232.4805,No_stress,Phos
wild_type,984.6,No_stress,Phos
wild_type,2710.0435,No_stress,Phos
wild_type,2222.9417,No_stress,Phos
wild_type,2668.7803,No_stress,Phos
wild_type,1281.8313,No_stress,Phos
wild_type,1227.59,No_stress,Phos
wild_type,2216.1528,No_stress,Phos
wild_type,1481.1311,No_stress,Phos
wild_type,1605.6232,No_stress,Phos
wild_type,1910.2386,No_stress,Phos
wild_type,1238.4492,No_stress,Phos
wild_type,1298.3827,No_stress,Phos
wild_type,1193.9054,No_stress,Phos
wild_type,3228.4546,No_stress,Phos
wild_type,2128.134,No_stress,Phos
wild_type,3558.7769,No_stress,Phos
wild_type,2355.2273,No_stress,Phos
wild_type,1621.1818,No_stress,Phos
wild_type,2726.3677,No_stress,Phos
wild_type,2381.5476,No_stress,Phos
wild_type,1197.4362,No_stress,Phos
wild_type,2462.0454,No_stress,Phos
wild_type,1164.6184,No_stress,Phos
wild_type,1441.5588,No_stress,Phos
wild_type,2234.6985,No_stress,Phos
wild_type,2170.0513,No_stress,Phos
wild_type,4029.6462,No_stress,Phos
wild_type,3655.1711,No_stress,Phos
wild_type,1949.8196,No_stress,Phos
wild_type,5808.143,No_stress,Phos
wild_type,3086.321,No_stress,Phos
wild_type,1477.4492,No_stress,Phos
wild_type,1245.0571,No_stress,Phos
wild_type,1464.3492,No_stress,Phos
wild_type,900.9103,No_stress,Phos
wild_type,1248.8312,No_stress,Phos
wild_type,1432,No_stress,Phos
wild_type,2347.12,No_stress,Phos
wild_type,1150.475,No_stress,Phos
wild_type,1110.75,No_stress,Phos
wild_type,2003.9683,No_stress,Phos
wild_type,2863.19,No_stress,Phos
wild_type,898.8101,No_stress,Phos
wild_type,1862.7947,No_stress,Phos
wild_type,1503.5,No_stress,Phos
wild_type,1443,No_stress,Phos
wild_type,1330.7404,No_stress,Phos
wild_type,4056.372,No_stress,Phos
wild_type,2613,No_stress,Phos
wild_type,895.1667,No_stress,Phos
wild_type,1292.6316,No_stress,Phos
wild_type,1385.9147,No_stress,Phos
wild_type,2340.9177,No_stress,Phos
wild_type,761.5714,No_stress,Phos
wild_type,1650.3112,No_stress,Phos
wild_type,2032.7252,No_stress,Phos
wild_type,2293.7878,No_stress,Phos
wild_type,2320.5645,No_stress,Phos
wild_type,882.466,No_stress,Phos
wild_type,1228.2435,No_stress,Phos
wild_type,852.6053,No_stress,Phos
wild_type,1840.038,No_stress,Phos
wild_type,1146.987,No_stress,Phos
wild_type,2974.8206,No_stress,Phos
wild_type,1815.4084,No_stress,Phos
wild_type,1785.9647,No_stress,Phos
wild_type,1382.8043,No_stress,Phos
wild_type,897.6389,No_stress,Phos
wild_type,1736.5555,No_stress,Phos
wild_type,1016.40515,No_stress,Phos
wild_type,3158.289,No_stress,Phos
wild_type,862.2,No_stress,Phos
wild_type,3776.2244,No_stress,Phos
wild_type,1275.7142,No_stress,Phos
wild_type,1476.0316,No_stress,Phos
wild_type,1748.4412,No_stress,Phos
wild_type,2304.6785,No_stress,Phos
wild_type,2596.2234,No_stress,Phos
wild_type,1753.43,No_stress,Phos
wild_type,936.5263,No_stress,Phos
wild_type,1682.0333,No_stress,Phos
wild_type,881.36487,No_stress,Phos
wild_type,1366.012,No_stress,Phos
wild_type,2892.9583,No_stress,Phos
wild_type,2496.4712,No_stress,Phos
wild_type,905.28735,No_stress,Phos
wild_type,1171.6146,No_stress,Phos
wild_type,949.0513,No_stress,Phos
wild_type,776.403,No_stress,Phos
wild_type,3149.3062,No_stress,Phos
wild_type,1332.5618,No_stress,Phos
wild_type,1642.7059,No_stress,Phos
wild_type,762.64655,No_stress,Phos
wild_type,3907.0864,No_stress,Phos
wild_type,3150.3484,low_phos,Phos
wild_type,3193.52,low_phos,Phos
wild_type,3204.0168,low_phos,Phos
wild_type,3231.6711,low_phos,Phos
wild_type,3261.307,low_phos,Phos
wild_type,3291.9553,low_phos,Phos
wild_type,3301.4893,low_phos,Phos
wild_type,3305.1865,low_phos,Phos
wild_type,3311.5208,low_phos,Phos
wild_type,3349.8823,low_phos,Phos
wild_type,3351.145,low_phos,Phos
wild_type,3357.8352,low_phos,Phos
wild_type,3373.0693,low_phos,Phos
wild_type,3374.1714,low_phos,Phos
wild_type,3384.809,low_phos,Phos
wild_type,3404.4119,low_phos,Phos
wild_type,3411.7954,low_phos,Phos
wild_type,3422.0117,low_phos,Phos
wild_type,3436.7046,low_phos,Phos
wild_type,3496.4167,low_phos,Phos
wild_type,3585.625,low_phos,Phos
wild_type,3590.75,low_phos,Phos
wild_type,3592.0986,low_phos,Phos
wild_type,3593.2087,low_phos,Phos
wild_type,3596.1587,low_phos,Phos
wild_type,3609.4932,low_phos,Phos
wild_type,3618.047,low_phos,Phos
wild_type,3618.811,low_phos,Phos
wild_type,3626.1687,low_phos,Phos
wild_type,3642.739,low_phos,Phos
wild_type,3672.8,low_phos,Phos
wild_type,3682.2795,low_phos,Phos
wild_type,3701.2834,low_phos,Phos
wild_type,3717.212,low_phos,Phos
wild_type,3761.1538,low_phos,Phos
wild_type,3770.3635,low_phos,Phos
wild_type,3778.383,low_phos,Phos
wild_type,3801.875,low_phos,Phos
wild_type,3804.236,low_phos,Phos
wild_type,3825.459,low_phos,Phos
wild_type,3836.405,low_phos,Phos
wild_type,3852.2065,low_phos,Phos
wild_type,3899,low_phos,Phos
wild_type,3919.9841,low_phos,Phos
wild_type,3938.2056,low_phos,Phos
wild_type,3939.106,low_phos,Phos
wild_type,3954.2844,low_phos,Phos
wild_type,3961.25,low_phos,Phos
wild_type,3966.8306,low_phos,Phos
wild_type,3975.3596,low_phos,Phos
wild_type,3990.3152,low_phos,Phos
wild_type,4028.3733,low_phos,Phos
wild_type,4028.9265,low_phos,Phos
wild_type,4038.6667,low_phos,Phos
wild_type,4092.959,low_phos,Phos
wild_type,4098.4824,low_phos,Phos
wild_type,4122.5776,low_phos,Phos
wild_type,4134.396,low_phos,Phos
wild_type,4158.8384,low_phos,Phos
wild_type,4166.755,low_phos,Phos
wild_type,4179.293,low_phos,Phos
wild_type,4185.768,low_phos,Phos
wild_type,4187,low_phos,Phos
wild_type,4199.284,low_phos,Phos
wild_type,4200.647,low_phos,Phos
wild_type,4222.9683,low_phos,Phos
wild_type,4223.647,low_phos,Phos
wild_type,4238.4136,low_phos,Phos
wild_type,4256.1978,low_phos,Phos
wild_type,4268.115,low_phos,Phos
wild_type,4293.594,low_phos,Phos
wild_type,4306.052,low_phos,Phos
wild_type,4326.023,low_phos,Phos
wild_type,4331.0796,low_phos,Phos
wild_type,4355.165,low_phos,Phos
wild_type,4371.494,low_phos,Phos
wild_type,4375.8643,low_phos,Phos
wild_type,4376.4087,low_phos,Phos
wild_type,4381.2134,low_phos,Phos
wild_type,4383.2393,low_phos,Phos
wild_type,4390.0947,low_phos,Phos
wild_type,4422.916,low_phos,Phos
wild_type,4426.034,low_phos,Phos
wild_type,4430.3,low_phos,Phos
wild_type,4437.0967,low_phos,Phos
wild_type,4469.948,low_phos,Phos
wild_type,4478.567,low_phos,Phos
wild_type,4482.5635,low_phos,Phos
wild_type,4489.7974,low_phos,Phos
wild_type,4505.029,low_phos,Phos
wild_type,4540.4404,low_phos,Phos
wild_type,4546.484,low_phos,Phos
wild_type,4558.6494,low_phos,Phos
wild_type,4559.019,low_phos,Phos
wild_type,4559.349,low_phos,Phos
wild_type,4577.7124,low_phos,Phos
wild_type,4582.8076,low_phos,Phos
wild_type,4602.358,low_phos,Phos
wild_type,4613.934,low_phos,Phos
wild_type,4619.7183,low_phos,Phos
wild_type,4621.772,low_phos,Phos
wild_type,4627.6763,low_phos,Phos
wild_type,4634.297,low_phos,Phos
wild_type,4671.282,low_phos,Phos
wild_type,4671.6885,low_phos,Phos
wild_type,4683.143,low_phos,Phos
wild_type,4695.2925,low_phos,Phos
wild_type,4707.125,low_phos,Phos
wild_type,4710.437,low_phos,Phos
wild_type,4717.3125,low_phos,Phos
wild_type,4725.937,low_phos,Phos
wild_type,4729.4263,low_phos,Phos
wild_type,4730.6416,low_phos,Phos
wild_type,4732.2817,low_phos,Phos
wild_type,4738.1475,low_phos,Phos
wild_type,4739.9033,low_phos,Phos
wild_type,4755.5596,low_phos,Phos
wild_type,4770.4287,low_phos,Phos
wild_type,4780.0117,low_phos,Phos
wild_type,4780.4795,low_phos,Phos
wild_type,4786.364,low_phos,Phos
wild_type,4797.2827,low_phos,Phos
wild_type,4800.0293,low_phos,Phos
wild_type,4800.5347,low_phos,Phos
wild_type,4811.0557,low_phos,Phos
wild_type,4820.4673,low_phos,Phos
wild_type,4826.3125,low_phos,Phos
wild_type,4843.043,low_phos,Phos
wild_type,4843.065,low_phos,Phos
wild_type,4846.1094,low_phos,Phos
wild_type,4854.804,low_phos,Phos
wild_type,4856.4946,low_phos,Phos
wild_type,4861.299,low_phos,Phos
wild_type,4864.8647,low_phos,Phos
wild_type,4873.2593,low_phos,Phos
wild_type,4886.6855,low_phos,Phos
wild_type,4898.6777,low_phos,Phos
wild_type,4927.1265,low_phos,Phos
wild_type,4931.7764,low_phos,Phos
wild_type,4934.0127,low_phos,Phos
wild_type,4947.9424,low_phos,Phos
wild_type,4963.7554,low_phos,Phos
wild_type,4971.4946,low_phos,Phos
wild_type,4989.486,low_phos,Phos
wild_type,4991.9243,low_phos,Phos
wild_type,4995.125,low_phos,Phos
wild_type,5002.91,low_phos,Phos
wild_type,5008.5376,low_phos,Phos
wild_type,5018.008,low_phos,Phos
wild_type,5031.458,low_phos,Phos
wild_type,5033.4443,low_phos,Phos
wild_type,5040.9434,low_phos,Phos
wild_type,5041.325,low_phos,Phos
wild_type,5049.295,low_phos,Phos
wild_type,5065.346,low_phos,Phos
wild_type,5074.897,low_phos,Phos
wild_type,5079.8887,low_phos,Phos
wild_type,5083.778,low_phos,Phos
wild_type,5155.811,low_phos,Phos
wild_type,5157.975,low_phos,Phos
wild_type,5175.1294,low_phos,Phos
wild_type,5182.515,low_phos,Phos
wild_type,5186.5054,low_phos,Phos
wild_type,5190.7666,low_phos,Phos
wild_type,5216.4224,low_phos,Phos
wild_type,5228.856,low_phos,Phos
wild_type,5230.316,low_phos,Phos
wild_type,5243.3086,low_phos,Phos
wild_type,5247.8784,low_phos,Phos
wild_type,5278.013,low_phos,Phos
wild_type,5282.95,low_phos,Phos
wild_type,5301.124,low_phos,Phos
wild_type,5305.9785,low_phos,Phos
wild_type,5324.912,low_phos,Phos
wild_type,5343.01,low_phos,Phos
wild_type,5355.6396,low_phos,Phos
wild_type,5359.677,low_phos,Phos
wild_type,5424.595,low_phos,Phos
wild_type,5432.3735,low_phos,Phos
wild_type,5451.7393,low_phos,Phos
wild_type,5466.9106,low_phos,Phos
wild_type,5471.4233,low_phos,Phos
wild_type,5484.7886,low_phos,Phos
wild_type,5485.7827,low_phos,Phos
wild_type,5488.5894,low_phos,Phos
wild_type,5501.0093,low_phos,Phos
wild_type,5520.8687,low_phos,Phos
wild_type,5522.421,low_phos,Phos
wild_type,5543.4165,low_phos,Phos
wild_type,5562.35,low_phos,Phos
wild_type,5569.887,low_phos,Phos
wild_type,5575.885,low_phos,Phos
wild_type,5595.3403,low_phos,Phos
wild_type,5597.6323,low_phos,Phos
wild_type,5623.141,low_phos,Phos
wild_type,5625.354,low_phos,Phos
wild_type,5631.878,low_phos,Phos
wild_type,5638.355,low_phos,Phos
wild_type,5649.918,low_phos,Phos
wild_type,5659.1514,low_phos,Phos
wild_type,5672.0093,low_phos,Phos
wild_type,5676.796,low_phos,Phos
wild_type,5688.5464,low_phos,Phos
wild_type,5694.5913,low_phos,Phos
wild_type,5699.6973,low_phos,Phos
wild_type,5715.24,low_phos,Phos
wild_type,5723.366,low_phos,Phos
wild_type,5725.8843,low_phos,Phos
wild_type,5737.377,low_phos,Phos
wild_type,5738.562,low_phos,Phos
wild_type,5739.2793,low_phos,Phos
wild_type,5742.404,low_phos,Phos
wild_type,5747.091,low_phos,Phos
wild_type,5755.28,low_phos,Phos
wild_type,5770.9126,low_phos,Phos
wild_type,5779.2603,low_phos,Phos
wild_type,5792.8374,low_phos,Phos
wild_type,5797.779,low_phos,Phos
wild_type,5808.3125,low_phos,Phos
wild_type,5811.4355,low_phos,Phos
wild_type,5820.558,low_phos,Phos
wild_type,5827.364,low_phos,Phos
wild_type,5833.4595,low_phos,Phos
wild_type,5842.7837,low_phos,Phos
wild_type,5850.631,low_phos,Phos
wild_type,5852.543,low_phos,Phos
wild_type,5856.9185,low_phos,Phos
wild_type,5881.143,low_phos,Phos
wild_type,5892,low_phos,Phos
wild_type,5892.2,low_phos,Phos
wild_type,5898.6855,low_phos,Phos
wild_type,5908.5493,low_phos,Phos
wild_type,5928.6533,low_phos,Phos
wild_type,5942.7188,low_phos,Phos
wild_type,5951.3784,low_phos,Phos
wild_type,5960.159,low_phos,Phos
wild_type,5994.3706,low_phos,Phos
wild_type,6002.239,low_phos,Phos
wild_type,6008.0713,low_phos,Phos
wild_type,6038.3286,low_phos,Phos
wild_type,6046.07,low_phos,Phos
wild_type,6046.4106,low_phos,Phos
wild_type,6057.3193,low_phos,Phos
wild_type,6058.6445,low_phos,Phos
wild_type,6073.3105,low_phos,Phos
wild_type,6075.811,low_phos,Phos
wild_type,6080.375,low_phos,Phos
wild_type,6096.32,low_phos,Phos
wild_type,6097.394,low_phos,Phos
wild_type,6097.8877,low_phos,Phos
wild_type,6103.1934,low_phos,Phos
wild_type,6110.0312,low_phos,Phos
wild_type,6110.735,low_phos,Phos
wild_type,6122.923,low_phos,Phos
wild_type,6133.9775,low_phos,Phos
wild_type,6142.1387,low_phos,Phos
wild_type,6143.262,low_phos,Phos
wild_type,6150.8296,low_phos,Phos
wild_type,6156.328,low_phos,Phos
wild_type,6161.566,low_phos,Phos
wild_type,6217.6494,low_phos,Phos
wild_type,6236.456,low_phos,Phos
wild_type,6257.509,low_phos,Phos
wild_type,6258.4,low_phos,Phos
wild_type,6263.7856,low_phos,Phos
wild_type,6272.168,low_phos,Phos
wild_type,6294.6143,low_phos,Phos
wild_type,6304.3936,low_phos,Phos
wild_type,6305.236,low_phos,Phos
wild_type,6307.967,low_phos,Phos
wild_type,6336.639,low_phos,Phos
wild_type,6339.5166,low_phos,Phos
wild_type,6341.1216,low_phos,Phos
wild_type,6345.655,low_phos,Phos
wild_type,6378.0073,low_phos,Phos
wild_type,6382.9736,low_phos,Phos
wild_type,6401.7812,low_phos,Phos
wild_type,6423.8433,low_phos,Phos
wild_type,6425.696,low_phos,Phos
wild_type,6446.0835,low_phos,Phos
wild_type,6458.4443,low_phos,Phos
wild_type,6458.6445,low_phos,Phos
wild_type,6487.1147,low_phos,Phos
wild_type,6488.82,low_phos,Phos
wild_type,6507.1147,low_phos,Phos
wild_type,6511.2407,low_phos,Phos
wild_type,6530.319,low_phos,Phos
wild_type,6548.9897,low_phos,Phos
wild_type,6567.4414,low_phos,Phos
wild_type,6584.7334,low_phos,Phos
wild_type,6591.9634,low_phos,Phos
wild_type,6609.3516,low_phos,Phos
wild_type,6633,low_phos,Phos
wild_type,6637.813,low_phos,Phos
wild_type,6649.722,low_phos,Phos
wild_type,6663.5576,low_phos,Phos
wild_type,6679.0547,low_phos,Phos
wild_type,6682.567,low_phos,Phos
wild_type,6710.2573,low_phos,Phos
wild_type,6722.4478,low_phos,Phos
wild_type,6723.75,low_phos,Phos
wild_type,6748.5103,low_phos,Phos
wild_type,6752.516,low_phos,Phos
wild_type,6769.1265,low_phos,Phos
wild_type,6776.013,low_phos,Phos
wild_type,6801.893,low_phos,Phos
wild_type,6808.044,low_phos,Phos
wild_type,6848.0938,low_phos,Phos
wild_type,6849.8135,low_phos,Phos
wild_type,6864,low_phos,Phos
wild_type,6864.185,low_phos,Phos
wild_type,6898.509,low_phos,Phos
wild_type,6945.0425,low_phos,Phos
wild_type,6960.729,low_phos,Phos
wild_type,6961.4478,low_phos,Phos
wild_type,6969.027,low_phos,Phos
wild_type,6971.143,low_phos,Phos
wild_type,7032.388,low_phos,Phos
wild_type,7037.8535,low_phos,Phos
wild_type,7052.8853,low_phos,Phos
wild_type,7057.3447,low_phos,Phos
wild_type,7073.9883,low_phos,Phos
wild_type,7085.403,low_phos,Phos
wild_type,7087.044,low_phos,Phos
wild_type,7087.4062,low_phos,Phos
wild_type,7087.521,low_phos,Phos
wild_type,7090.219,low_phos,Phos
wild_type,7102.023,low_phos,Phos
wild_type,7141.3086,low_phos,Phos
wild_type,7158.9194,low_phos,Phos
wild_type,7212.022,low_phos,Phos
wild_type,7216.775,low_phos,Phos
wild_type,7218.753,low_phos,Phos
wild_type,7243.57,low_phos,Phos
wild_type,7245.4717,low_phos,Phos
wild_type,7267.5933,low_phos,Phos
wild_type,7275.5273,low_phos,Phos
wild_type,7311.1147,low_phos,Phos
wild_type,7353.1045,low_phos,Phos
wild_type,7357.13,low_phos,Phos
wild_type,7369.6025,low_phos,Phos
wild_type,7369.603,low_phos,Phos
wild_type,7378.0493,low_phos,Phos
wild_type,7385.492,low_phos,Phos
wild_type,7409.5444,low_phos,Phos
wild_type,7454.508,low_phos,Phos
wild_type,7459.9033,low_phos,Phos
wild_type,7460.481,low_phos,Phos
wild_type,7514.325,low_phos,Phos
wild_type,7519.8975,low_phos,Phos
wild_type,7533.9385,low_phos,Phos
wild_type,7626.2964,low_phos,Phos
wild_type,7659.5596,low_phos,Phos
wild_type,7671.9595,low_phos,Phos
wild_type,7672.4844,low_phos,Phos
wild_type,7721.2773,low_phos,Phos
wild_type,7734.877,low_phos,Phos
wild_type,7744.977,low_phos,Phos
wild_type,7770.25,low_phos,Phos
wild_type,7791.021,low_phos,Phos
wild_type,7797.547,low_phos,Phos
wild_type,7811.883,low_phos,Phos
wild_type,7853.706,low_phos,Phos
wild_type,7960.3516,low_phos,Phos
wild_type,7971.4136,low_phos,Phos
wild_type,8022.9897,low_phos,Phos
wild_type,8037.597,low_phos,Phos
wild_type,8050.1733,low_phos,Phos
wild_type,8051.6323,low_phos,Phos
wild_type,8124.2607,low_phos,Phos
wild_type,8204.2705,low_phos,Phos
wild_type,8207.871,low_phos,Phos
wild_type,8213.172,low_phos,Phos
wild_type,8221.983,low_phos,Phos
wild_type,8241.521,low_phos,Phos
wild_type,8354.527,low_phos,Phos
wild_type,8412.734,low_phos,Phos
wild_type,8472.42,low_phos,Phos
wild_type,8509.203,low_phos,Phos
wild_type,8554.395,low_phos,Phos
wild_type,8599.275,low_phos,Phos
wild_type,8622.709,low_phos,Phos
wild_type,8750.605,low_phos,Phos
wild_type,8845.156,low_phos,Phos
wild_type,8940.025,low_phos,Phos
wild_type,8971.424,low_phos,Phos
wild_type,8996.6455,low_phos,Phos
wild_type,9039.338,low_phos,Phos
wild_type,9124.164,low_phos,Phos
wild_type,9149.253,low_phos,Phos
wild_type,9202.889,low_phos,Phos
wild_type,9210.099,low_phos,Phos
wild_type,9226.21,low_phos,Phos
wild_type,9235.667,low_phos,Phos
wild_type,9249.753,low_phos,Phos
wild_type,9314.495,low_phos,Phos
wild_type,9421.442,low_phos,Phos
wild_type,9487.11,low_phos,Phos
wild_type,9491.333,low_phos,Phos
wild_type,9503.236,low_phos,Phos
wild_type,9511.75,low_phos,Phos
wild_type,9770.359,low_phos,Phos
wild_type,9880.155,low_phos,Phos
wild_type,9882.564,low_phos,Phos
wild_type,9955.884,low_phos,Phos
wild_type,10031.119,low_phos,Phos
wild_type,10337.402,low_phos,Phos
wild_type,10539.569,low_phos,Phos
wild_type,11172.29,low_phos,Phos
wild_type,11208.937,low_phos,Phos
wild_type,11675.614,low_phos,Phos
wild_type,11954.965,low_phos,Phos
wild_type,14640.226,low_phos,Phos
∆yoaI,1097.8,No_stress,Phos
∆yoaI,907.5536,No_stress,Phos
∆yoaI,1360.9491,No_stress,Phos
∆yoaI,720.7759,No_stress,Phos
∆yoaI,665.4545,No_stress,Phos
∆yoaI,650.2987,No_stress,Phos
∆yoaI,822.5098,No_stress,Phos
∆yoaI,951.8873,No_stress,Phos
∆yoaI,1030.9661,No_stress,Phos
∆yoaI,1022,No_stress,Phos
∆yoaI,995.7778,No_stress,Phos
∆yoaI,1534.4182,No_stress,Phos
∆yoaI,1275.1927,No_stress,Phos
∆yoaI,1018.37805,No_stress,Phos
∆yoaI,1249.6571,No_stress,Phos
∆yoaI,1399.026,No_stress,Phos
∆yoaI,741.069,No_stress,Phos
∆yoaI,926.5738,No_stress,Phos
∆yoaI,1110.697,No_stress,Phos
∆yoaI,1271.1132,No_stress,Phos
∆yoaI,1229.2659,No_stress,Phos
∆yoaI,651.8939,No_stress,Phos
∆yoaI,610.95917,No_stress,Phos
∆yoaI,1096.5962,No_stress,Phos
∆yoaI,783.72974,No_stress,Phos
∆yoaI,602.9048,No_stress,Phos
∆yoaI,859.2375,No_stress,Phos
∆yoaI,925.6709,No_stress,Phos
∆yoaI,785.87354,No_stress,Phos
∆yoaI,608.45715,No_stress,Phos
∆yoaI,1137.4127,No_stress,Phos
∆yoaI,684.5614,No_stress,Phos
∆yoaI,789.17285,No_stress,Phos
∆yoaI,1257.1204,No_stress,Phos
∆yoaI,1549.9054,No_stress,Phos
∆yoaI,829.3281,No_stress,Phos
∆yoaI,1391.1691,No_stress,Phos
∆yoaI,849.0172,No_stress,Phos
∆yoaI,1016.0541,No_stress,Phos
∆yoaI,2932.6667,No_stress,Phos
∆yoaI,1440.6464,No_stress,Phos
∆yoaI,898.5977,No_stress,Phos
∆yoaI,1510.4154,No_stress,Phos
∆yoaI,860.3276,No_stress,Phos
∆yoaI,1142.5714,No_stress,Phos
∆yoaI,1044.395,No_stress,Phos
∆yoaI,665.2436,No_stress,Phos
∆yoaI,1007.52704,No_stress,Phos
∆yoaI,717.2222,No_stress,Phos
∆yoaI,1746.5638,No_stress,Phos
∆yoaI,1057.25,No_stress,Phos
∆yoaI,603.209,No_stress,Phos
∆yoaI,1725.1342,No_stress,Phos
∆yoaI,1066.3889,No_stress,Phos
∆yoaI,989.025,No_stress,Phos
∆yoaI,1123.2122,No_stress,Phos
∆yoaI,976.64703,No_stress,Phos
∆yoaI,686.53687,No_stress,Phos
∆yoaI,932.0795,No_stress,Phos
∆yoaI,960.6486,No_stress,Phos
∆yoaI,1111.4648,No_stress,Phos
∆yoaI,1007.13336,No_stress,Phos
∆yoaI,918.7683,No_stress,Phos
∆yoaI,1118.2616,No_stress,Phos
∆yoaI,888.8283,No_stress,Phos
∆yoaI,1078.5778,No_stress,Phos
∆yoaI,818.1129,No_stress,Phos
∆yoaI,883.82104,No_stress,Phos
∆yoaI,1456.5625,No_stress,Phos
∆yoaI,551.64386,No_stress,Phos
∆yoaI,680.7125,No_stress,Phos
∆yoaI,611.18945,No_stress,Phos
∆yoaI,792.2769,No_stress,Phos
∆yoaI,758.7206,No_stress,Phos
∆yoaI,786.338,No_stress,Phos
∆yoaI,1378.935,No_stress,Phos
∆yoaI,893.3091,No_stress,Phos
∆yoaI,814.1905,No_stress,Phos
∆yoaI,510.9859,No_stress,Phos
∆yoaI,642,No_stress,Phos
∆yoaI,820.10345,No_stress,Phos
∆yoaI,765.875,No_stress,Phos
∆yoaI,770.83545,No_stress,Phos
∆yoaI,1017.07794,No_stress,Phos
∆yoaI,1086.5245,No_stress,Phos
∆yoaI,1263.642,No_stress,Phos
∆yoaI,1150.2222,No_stress,Phos
∆yoaI,958.88464,No_stress,Phos
∆yoaI,892.082,No_stress,Phos
∆yoaI,749.3906,No_stress,Phos
∆yoaI,865.41113,No_stress,Phos
∆yoaI,1095.6104,No_stress,Phos
∆yoaI,1051.9385,No_stress,Phos
∆yoaI,866.10345,No_stress,Phos
∆yoaI,1556.4678,No_stress,Phos
∆yoaI,821.50635,No_stress,Phos
∆yoaI,924.16394,No_stress,Phos
∆yoaI,1025.4348,No_stress,Phos
∆yoaI,597.3521,No_stress,Phos
∆yoaI,1026.9166,No_stress,Phos
∆yoaI,1090.5541,No_stress,Phos
∆yoaI,628.0241,No_stress,Phos
∆yoaI,1235.5846,No_stress,Phos
∆yoaI,1453.3896,No_stress,Phos
∆yoaI,899.77527,No_stress,Phos
∆yoaI,1175.56,No_stress,Phos
∆yoaI,1008.3699,No_stress,Phos
∆yoaI,1800.1936,No_stress,Phos
∆yoaI,1302.6666,No_stress,Phos
∆yoaI,1706.7,No_stress,Phos
∆yoaI,1036.3823,No_stress,Phos
∆yoaI,897.1667,No_stress,Phos
∆yoaI,829.8871,No_stress,Phos
∆yoaI,1638.8125,No_stress,Phos
∆yoaI,1157.5344,No_stress,Phos
∆yoaI,716.4535,No_stress,Phos
∆yoaI,1914.1719,No_stress,Phos
∆yoaI,1101.1505,No_stress,Phos
∆yoaI,889.92554,No_stress,Phos
∆yoaI,2259.328,No_stress,Phos
∆yoaI,1396.8206,No_stress,Phos
∆yoaI,906.575,No_stress,Phos
∆yoaI,922.41284,No_stress,Phos
∆yoaI,1206.4131,No_stress,Phos
∆yoaI,613.2273,No_stress,Phos
∆yoaI,1029.1875,No_stress,Phos
∆yoaI,991.18085,No_stress,Phos
∆yoaI,758.4674,No_stress,Phos
∆yoaI,895.1972,No_stress,Phos
∆yoaI,639.68335,No_stress,Phos
∆yoaI,1466.4078,No_stress,Phos
∆yoaI,1283.138,No_stress,Phos
∆yoaI,1044.7407,No_stress,Phos
∆yoaI,924.2471,No_stress,Phos
∆yoaI,1064.2894,No_stress,Phos
∆yoaI,966.31665,No_stress,Phos
∆yoaI,1800,No_stress,Phos
∆yoaI,1313.8861,No_stress,Phos
∆yoaI,517.22784,No_stress,Phos
∆yoaI,661.74023,No_stress,Phos
∆yoaI,1230.7473,No_stress,Phos
∆yoaI,1170.1127,No_stress,Phos
∆yoaI,921.95715,No_stress,Phos
∆yoaI,1626.29,No_stress,Phos
∆yoaI,1069.2572,No_stress,Phos
∆yoaI,663.4179,No_stress,Phos
∆yoaI,1230.2142,No_stress,Phos
∆yoaI,1200.6713,No_stress,Phos
∆yoaI,1236.2817,No_stress,Phos
∆yoaI,1202.7539,No_stress,Phos
∆yoaI,897.2405,No_stress,Phos
∆yoaI,1388.9865,No_stress,Phos
∆yoaI,1329.236,No_stress,Phos
∆yoaI,716.6081,No_stress,Phos
∆yoaI,1830.6129,No_stress,Phos
∆yoaI,1354.3854,No_stress,Phos
∆yoaI,657.04443,No_stress,Phos
∆yoaI,1896.0889,No_stress,Phos
∆yoaI,859.5195,No_stress,Phos
∆yoaI,1142.738,No_stress,Phos
∆yoaI,705.32855,No_stress,Phos
∆yoaI,1518.7849,No_stress,Phos
∆yoaI,996.7619,No_stress,Phos
∆yoaI,1080.5363,No_stress,Phos
∆yoaI,1376.1868,No_stress,Phos
∆yoaI,1026.1384,No_stress,Phos
∆yoaI,923.7647,No_stress,Phos
∆yoaI,962.8889,No_stress,Phos
∆yoaI,1233.1809,No_stress,Phos
∆yoaI,1057.5349,No_stress,Phos
∆yoaI,731.88605,No_stress,Phos
∆yoaI,1587.3077,No_stress,Phos
∆yoaI,1087.8158,No_stress,Phos
∆yoaI,2083.1064,No_stress,Phos
∆yoaI,1430.4177,No_stress,Phos
∆yoaI,1176.5132,No_stress,Phos
∆yoaI,984.1539,No_stress,Phos
∆yoaI,690.41174,No_stress,Phos
∆yoaI,489.17188,No_stress,Phos
∆yoaI,1001.54285,No_stress,Phos
∆yoaI,1311.5385,No_stress,Phos
∆yoaI,1039.4546,No_stress,Phos
∆yoaI,874.0759,No_stress,Phos
∆yoaI,1251.0428,No_stress,Phos
∆yoaI,721.4,No_stress,Phos
∆yoaI,1631.4113,No_stress,Phos
∆yoaI,1168.5638,No_stress,Phos
∆yoaI,1668.6666,No_stress,Phos
∆yoaI,1593.6582,No_stress,Phos
∆yoaI,1046.61,No_stress,Phos
∆yoaI,1115.5555,No_stress,Phos
∆yoaI,1373.3787,No_stress,Phos
∆yoaI,2221.8765,No_stress,Phos
∆yoaI,699.9383,No_stress,Phos
∆yoaI,742.8,No_stress,Phos
∆yoaI,1082.2676,No_stress,Phos
∆yoaI,815.9753,No_stress,Phos
∆yoaI,1447.7263,No_stress,Phos
∆yoaI,1364.6146,No_stress,Phos
∆yoaI,1352.5056,No_stress,Phos
∆yoaI,708.56964,No_stress,Phos
∆yoaI,1329.6,No_stress,Phos
∆yoaI,1089.6984,No_stress,Phos
∆yoaI,1037.8572,No_stress,Phos
∆yoaI,1205.7683,No_stress,Phos
∆yoaI,1002.9167,No_stress,Phos
∆yoaI,2185.7102,No_stress,Phos
∆yoaI,1729.8983,No_stress,Phos
∆yoaI,1079.75,No_stress,Phos
∆yoaI,1193.9048,No_stress,Phos
∆yoaI,957.0141,No_stress,Phos
∆yoaI,770.88605,No_stress,Phos
∆yoaI,911.38806,No_stress,Phos
∆yoaI,980.52856,No_stress,Phos
∆yoaI,1138.4783,No_stress,Phos
∆yoaI,1345.2428,No_stress,Phos
∆yoaI,836.5862,No_stress,Phos
∆yoaI,719.9067,No_stress,Phos
∆yoaI,1140.2766,No_stress,Phos
∆yoaI,759.4783,No_stress,Phos
∆yoaI,714.5217,No_stress,Phos
∆yoaI,917.97675,No_stress,Phos
∆yoaI,681.19415,No_stress,Phos
∆yoaI,1221.8195,No_stress,Phos
∆yoaI,1278.9286,No_stress,Phos
∆yoaI,1053.3765,No_stress,Phos
∆yoaI,745.5172,No_stress,Phos
∆yoaI,899.50665,No_stress,Phos
∆yoaI,923.1685,No_stress,Phos
∆yoaI,1007.9663,No_stress,Phos
∆yoaI,1229.9028,No_stress,Phos
∆yoaI,894.8961,No_stress,Phos
∆yoaI,1124.8672,No_stress,Phos
∆yoaI,1133.3837,No_stress,Phos
∆yoaI,1439.5758,No_stress,Phos
∆yoaI,1075.4097,No_stress,Phos
∆yoaI,1193.6198,No_stress,Phos
∆yoaI,934.04706,No_stress,Phos
∆yoaI,854.35803,No_stress,Phos
∆yoaI,1421.2878,No_stress,Phos
∆yoaI,1014.7763,No_stress,Phos
∆yoaI,1322.7573,No_stress,Phos
∆yoaI,1260.375,No_stress,Phos
∆yoaI,987.3816,No_stress,Phos
∆yoaI,782.14667,No_stress,Phos
∆yoaI,1121.453,No_stress,Phos
∆yoaI,1266.7683,No_stress,Phos
∆yoaI,1370.9584,No_stress,Phos
∆yoaI,796.32355,No_stress,Phos
∆yoaI,1489.5446,No_stress,Phos
∆yoaI,802.6667,No_stress,Phos
∆yoaI,858.8125,No_stress,Phos
∆yoaI,687.89886,No_stress,Phos
∆yoaI,1038.3821,No_stress,Phos
∆yoaI,891.869,No_stress,Phos
∆yoaI,682.2,No_stress,Phos
∆yoaI,763.6824,No_stress,Phos
∆yoaI,3083.5227,No_stress,Phos
∆yoaI,1485.4894,No_stress,Phos
∆yoaI,1275.395,No_stress,Phos
∆yoaI,1384.7042,No_stress,Phos
∆yoaI,790.94684,No_stress,Phos
∆yoaI,1643.2614,No_stress,Phos
∆yoaI,1077.0594,No_stress,Phos
∆yoaI,797.4028,No_stress,Phos
∆yoaI,1156.7128,No_stress,Phos
∆yoaI,919.96387,No_stress,Phos
∆yoaI,1028.8318,No_stress,Phos
∆yoaI,1030.6464,No_stress,Phos
∆yoaI,1510.0139,No_stress,Phos
∆yoaI,2153.2886,No_stress,Phos
∆yoaI,876.4474,No_stress,Phos
∆yoaI,961.03925,No_stress,Phos
∆yoaI,1627.8334,No_stress,Phos
∆yoaI,1317.6372,No_stress,Phos
∆yoaI,1279.4714,No_stress,Phos
∆yoaI,1011.1889,No_stress,Phos
∆yoaI,700.6484,No_stress,Phos
∆yoaI,1402.8096,No_stress,Phos
∆yoaI,1372.9829,No_stress,Phos
∆yoaI,1078.6897,No_stress,Phos
∆yoaI,1806.9518,low_phos,Phos
∆yoaI,1845.3508,low_phos,Phos
∆yoaI,3153.1323,low_phos,Phos
∆yoaI,1935.38,low_phos,Phos
∆yoaI,1932.6182,low_phos,Phos
∆yoaI,3039.2034,low_phos,Phos
∆yoaI,3180.5,low_phos,Phos
∆yoaI,2917.875,low_phos,Phos
∆yoaI,2418.7932,low_phos,Phos
∆yoaI,1671.566,low_phos,Phos
∆yoaI,1854.1818,low_phos,Phos
∆yoaI,2771.4707,low_phos,Phos
∆yoaI,2894.257,low_phos,Phos
∆yoaI,2812.7207,low_phos,Phos
∆yoaI,2954.7937,low_phos,Phos
∆yoaI,1594,low_phos,Phos
∆yoaI,3047.25,low_phos,Phos
∆yoaI,1803.5614,low_phos,Phos
∆yoaI,3261.362,low_phos,Phos
∆yoaI,2034.4314,low_phos,Phos
∆yoaI,2592.0942,low_phos,Phos
∆yoaI,1984.2456,low_phos,Phos
∆yoaI,4826,low_phos,Phos
∆yoaI,2845.0793,low_phos,Phos
∆yoaI,3046.157,low_phos,Phos
∆yoaI,3403.2058,low_phos,Phos
∆yoaI,1559.0807,low_phos,Phos
∆yoaI,3098.037,low_phos,Phos
∆yoaI,2085.7817,low_phos,Phos
∆yoaI,3014.3914,low_phos,Phos
∆yoaI,3133.5942,low_phos,Phos
∆yoaI,4638.676,low_phos,Phos
∆yoaI,3005.4348,low_phos,Phos
∆yoaI,2919.2642,low_phos,Phos
∆yoaI,2916.5,low_phos,Phos
∆yoaI,3000.2837,low_phos,Phos
∆yoaI,2972.8113,low_phos,Phos
∆yoaI,3219.0784,low_phos,Phos
∆yoaI,3552.9595,low_phos,Phos
∆yoaI,1769.8518,low_phos,Phos
∆yoaI,2733.0164,low_phos,Phos
∆yoaI,3216.8071,low_phos,Phos
∆yoaI,1560.4067,low_phos,Phos
∆yoaI,1896.6719,low_phos,Phos
∆yoaI,3023.3057,low_phos,Phos
∆yoaI,3284.4917,low_phos,Phos
∆yoaI,1967.2778,low_phos,Phos
∆yoaI,3285.443,low_phos,Phos
∆yoaI,1912.4143,low_phos,Phos
∆yoaI,1934.5082,low_phos,Phos
∆yoaI,1521.3667,low_phos,Phos
∆yoaI,5370.804,low_phos,Phos
∆yoaI,2936.625,low_phos,Phos
∆yoaI,1596.3167,low_phos,Phos
∆yoaI,3084.5,low_phos,Phos
∆yoaI,2743.35,low_phos,Phos
∆yoaI,2574.5715,low_phos,Phos
∆yoaI,1978.5088,low_phos,Phos
∆yoaI,3515.9429,low_phos,Phos
∆yoaI,1988.9636,low_phos,Phos
∆yoaI,2096.884,low_phos,Phos
∆yoaI,3254.7925,low_phos,Phos
∆yoaI,1732.6613,low_phos,Phos
∆yoaI,2973.7097,low_phos,Phos
∆yoaI,1563.6666,low_phos,Phos
∆yoaI,3234.3975,low_phos,Phos
∆yoaI,1935.8242,low_phos,Phos
∆yoaI,2713.0781,low_phos,Phos
∆yoaI,2771.8816,low_phos,Phos
∆yoaI,2438.0625,low_phos,Phos
∆yoaI,3320.0483,low_phos,Phos
∆yoaI,2079.7385,low_phos,Phos
∆yoaI,3492.494,low_phos,Phos
∆yoaI,5134.0674,low_phos,Phos
∆yoaI,2089.25,low_phos,Phos
∆yoaI,1665.2203,low_phos,Phos
∆yoaI,3174.656,low_phos,Phos
∆yoaI,4374.0527,low_phos,Phos
∆yoaI,3066.0881,low_phos,Phos
∆yoaI,2537.7632,low_phos,Phos
∆yoaI,2914.6624,low_phos,Phos
∆yoaI,2547.6094,low_phos,Phos
∆yoaI,3186.6758,low_phos,Phos
∆yoaI,3758.9824,low_phos,Phos
∆yoaI,3611.169,low_phos,Phos
∆yoaI,3055.3457,low_phos,Phos
∆yoaI,3430.2185,low_phos,Phos
∆yoaI,2783.966,low_phos,Phos
∆yoaI,2124.209,low_phos,Phos
∆yoaI,2982.9194,low_phos,Phos
∆yoaI,3545.08,low_phos,Phos
∆yoaI,3331.5908,low_phos,Phos
∆yoaI,3035.9167,low_phos,Phos
∆yoaI,4379.0205,low_phos,Phos
∆yoaI,4152.6274,low_phos,Phos
∆yoaI,1940.3898,low_phos,Phos
∆yoaI,2508.1208,low_phos,Phos
∆yoaI,3352.1965,low_phos,Phos
∆yoaI,1601.305,low_phos,Phos
∆yoaI,4300.038,low_phos,Phos
∆yoaI,2157.5933,low_phos,Phos
∆yoaI,2628.6833,low_phos,Phos
∆yoaI,2998.724,low_phos,Phos
∆yoaI,1773.2532,low_phos,Phos
∆yoaI,1399.0667,low_phos,Phos
∆yoaI,3170.4102,low_phos,Phos
∆yoaI,2655.079,low_phos,Phos
∆yoaI,1136.4386,low_phos,Phos
∆yoaI,2462.6948,low_phos,Phos
∆yoaI,3294.7727,low_phos,Phos
∆yoaI,2843.7756,low_phos,Phos
∆yoaI,4390.78,low_phos,Phos
∆yoaI,1633.9286,low_phos,Phos
∆yoaI,4855.217,low_phos,Phos
∆yoaI,1715.7587,low_phos,Phos
∆yoaI,1989.6517,low_phos,Phos
∆yoaI,3106.6453,low_phos,Phos
∆yoaI,2832.6628,low_phos,Phos
∆yoaI,2036.1818,low_phos,Phos
∆yoaI,3418.703,low_phos,Phos
∆yoaI,2462.456,low_phos,Phos
∆yoaI,1970.875,low_phos,Phos
∆yoaI,3342.922,low_phos,Phos
∆yoaI,1708.5349,low_phos,Phos
∆yoaI,3202.4844,low_phos,Phos
∆yoaI,2143.9375,low_phos,Phos
∆yoaI,2538.56,low_phos,Phos
∆yoaI,2102.723,low_phos,Phos
∆yoaI,5427.2876,low_phos,Phos
∆yoaI,2417.6792,low_phos,Phos
∆yoaI,2199.9443,low_phos,Phos
∆yoaI,2021.5466,low_phos,Phos
∆yoaI,2837.4304,low_phos,Phos
∆yoaI,2757.25,low_phos,Phos
∆yoaI,5127.494,low_phos,Phos
∆yoaI,3543.328,low_phos,Phos
∆yoaI,3561,low_phos,Phos
∆yoaI,2541.3125,low_phos,Phos
∆yoaI,1921.2556,low_phos,Phos
∆yoaI,3065.3088,low_phos,Phos
∆yoaI,3248.5,low_phos,Phos
∆yoaI,2343.647,low_phos,Phos
∆yoaI,3933.2751,low_phos,Phos
∆yoaI,2636.1897,low_phos,Phos
∆yoaI,1715.6182,low_phos,Phos
∆yoaI,1933.6714,low_phos,Phos
∆yoaI,2193.034,low_phos,Phos
∆yoaI,3382.8572,low_phos,Phos
∆yoaI,3272.3794,low_phos,Phos
∆yoaI,2835.2837,low_phos,Phos
∆yoaI,3187.2666,low_phos,Phos
∆yoaI,3852.352,low_phos,Phos
∆yoaI,2330.3076,low_phos,Phos
∆yoaI,3531.4736,low_phos,Phos
∆yoaI,2200.5938,low_phos,Phos
∆yoaI,3833.0598,low_phos,Phos
∆yoaI,3229.6936,low_phos,Phos
∆yoaI,2867.1506,low_phos,Phos
∆yoaI,3003.6753,low_phos,Phos
∆yoaI,2186.0605,low_phos,Phos
∆yoaI,2516.1077,low_phos,Phos
∆yoaI,2122.721,low_phos,Phos
∆yoaI,1526.1897,low_phos,Phos
∆yoaI,1641.1781,low_phos,Phos
∆yoaI,1443.5167,low_phos,Phos
∆yoaI,5080.255,low_phos,Phos
∆yoaI,3406.95,low_phos,Phos
∆yoaI,4206.712,low_phos,Phos
∆yoaI,3284.0405,low_phos,Phos
∆yoaI,2235.9312,low_phos,Phos
∆yoaI,1483.7903,low_phos,Phos
∆yoaI,2257.6611,low_phos,Phos
∆yoaI,2374.8596,low_phos,Phos
∆yoaI,2959.314,low_phos,Phos
∆yoaI,3095.137,low_phos,Phos
∆yoaI,1606.8356,low_phos,Phos
∆yoaI,2281.8547,low_phos,Phos
∆yoaI,2547.2207,low_phos,Phos
∆yoaI,2664.182,low_phos,Phos
∆yoaI,2003.6559,low_phos,Phos
∆yoaI,2408.0178,low_phos,Phos
∆yoaI,2670.4558,low_phos,Phos
∆yoaI,2711.5693,low_phos,Phos
∆yoaI,1504.2667,low_phos,Phos
∆yoaI,2180.55,low_phos,Phos
∆yoaI,5384.59,low_phos,Phos
∆yoaI,3801.5386,low_phos,Phos
∆yoaI,3101.8525,low_phos,Phos
∆yoaI,3433.2622,low_phos,Phos
∆yoaI,3471.8904,low_phos,Phos
∆yoaI,1420.4198,low_phos,Phos
∆yoaI,1394.2759,low_phos,Phos
∆yoaI,4363.813,low_phos,Phos
∆yoaI,3878.6948,low_phos,Phos
∆yoaI,3637.9211,low_phos,Phos
∆yoaI,2232.5474,low_phos,Phos
∆yoaI,2048.5698,low_phos,Phos
∆yoaI,4498.262,low_phos,Phos
∆yoaI,2551.524,low_phos,Phos
∆yoaI,2701.4622,low_phos,Phos
∆yoaI,4106.2627,low_phos,Phos
∆yoaI,2379.075,low_phos,Phos
∆yoaI,3474.739,low_phos,Phos
∆yoaI,3526.348,low_phos,Phos
∆yoaI,3364.437,low_phos,Phos
∆yoaI,3409.0142,low_phos,Phos
∆yoaI,4557.219,low_phos,Phos
∆yoaI,3508.0342,low_phos,Phos
∆yoaI,1574.3606,low_phos,Phos
∆yoaI,3863.5,low_phos,Phos
∆yoaI,4782.3647,low_phos,Phos
∆yoaI,3034.8333,low_phos,Phos
∆yoaI,3926.8025,low_phos,Phos
∆yoaI,3443.8513,low_phos,Phos
∆yoaI,3000.3108,low_phos,Phos
∆yoaI,1270.459,low_phos,Phos
∆yoaI,3707.1777,low_phos,Phos
∆yoaI,3791.877,low_phos,Phos
∆yoaI,5455.024,low_phos,Phos
∆yoaI,2105.194,low_phos,Phos
∆yoaI,4798.354,low_phos,Phos
∆yoaI,2196.3572,low_phos,Phos
∆yoaI,1594.254,low_phos,Phos
∆yoaI,6553.0684,low_phos,Phos
∆yoaI,2316.8125,low_phos,Phos
∆yoaI,2026.0667,low_phos,Phos
∆yoaI,5537.6035,low_phos,Phos
∆yoaI,1451.3077,low_phos,Phos
∆yoaI,5159.989,low_phos,Phos
∆yoaI,2249.5615,low_phos,Phos
∆yoaI,4288.7417,low_phos,Phos
∆yoaI,2508.0864,low_phos,Phos
∆yoaI,2343.5579,low_phos,Phos
∆yoaI,4601.91,low_phos,Phos
∆yoaI,3763.446,low_phos,Phos
∆yoaI,3570.4744,low_phos,Phos
∆yoaI,1459.2858,low_phos,Phos
∆yoaI,1534.7,low_phos,Phos
∆yoaI,3214.3538,low_phos,Phos
∆yoaI,4467.8306,low_phos,Phos
∆yoaI,1180.7076,low_phos,Phos
∆yoaI,3755.1545,low_phos,Phos
∆yoaI,2271.8953,low_phos,Phos
∆yoaI,1650.0145,low_phos,Phos
∆yoaI,3750.973,low_phos,Phos
∆yoaI,5181.871,low_phos,Phos
∆yoaI,2489.6912,low_phos,Phos
∆yoaI,2415.087,low_phos,Phos
∆yoaI,2419.9578,low_phos,Phos
∆yoaI,4080.1445,low_phos,Phos
∆yoaI,2225.8262,low_phos,Phos
∆yoaI,2712.386,low_phos,Phos
∆yoaI,3425.3765,low_phos,Phos
∆yoaI,2002.3671,low_phos,Phos
∆yoaI,1504.8029,low_phos,Phos
∆yoaI,3745.5796,low_phos,Phos
∆yoaI,2389.2295,low_phos,Phos
∆yoaI,2180.756,low_phos,Phos
∆yoaI,2092.8906,low_phos,Phos
∆yoaI,4298.185,low_phos,Phos
∆yoaI,2106.1343,low_phos,Phos
∆yoaI,2620.0823,low_phos,Phos
∆yoaI,3387,low_phos,Phos
∆yoaI,2279.5635,low_phos,Phos
∆yoaI,3122.1733,low_phos,Phos
∆yoaI,4115.6313,low_phos,Phos
∆yoaI,4550.347,low_phos,Phos
∆yoaI,1553.0145,low_phos,Phos
∆yoaI,2368.2056,low_phos,Phos
∆yoaI,4134.3335,low_phos,Phos
∆yoaI,3775.5757,low_phos,Phos
∆yoaI,2182.3125,low_phos,Phos
∆yoaI,1497.6885,low_phos,Phos
∆yoaI,3129.0886,low_phos,Phos
∆yoaI,4340.0586,low_phos,Phos
∆yoaI,4421.8477,low_phos,Phos
∆yoaI,3620.7952,low_phos,Phos
∆yoaI,1470.742,low_phos,Phos
∆yoaI,3661.3623,low_phos,Phos
∆yoaI,4376.3115,low_phos,Phos
∆yoaI,2352.766,low_phos,Phos
∆yoaI,4156.6704,low_phos,Phos
∆yoaI,4926.8716,low_phos,Phos
∆yoaI,2407.8,low_phos,Phos
∆yoaI,4325.72,low_phos,Phos
∆yoaI,1444.9014,low_phos,Phos
∆yoaI,4458.9253,low_phos,Phos
∆yoaI,2370.057,low_phos,Phos
∆yoaI,4398.197,low_phos,Phos
∆yoaI,3612.4075,low_phos,Phos
∆yoaI,1435.7236,low_phos,Phos
∆yoaI,2453.6328,low_phos,Phos
∆yoaI,2384.6667,low_phos,Phos
∆yoaI,4872.143,low_phos,Phos
∆yoaI,3809.0845,low_phos,Phos
∆yoaI,4852.0684,low_phos,Phos
∆yoaI,2209.9597,low_phos,Phos
∆yoaI,4788.346,low_phos,Phos
∆yoaI,4232.2705,low_phos,Phos
∆yoaI,3460.6511,low_phos,Phos
∆yoaI,5323.621,low_phos,Phos
∆yoaI,2617.889,low_phos,Phos
∆yoaI,4448.67,low_phos,Phos
∆yoaI,2275.5715,low_phos,Phos
∆yoaI,4735.4585,low_phos,Phos
∆yoaI,3787.585,low_phos,Phos
∆yoaI,3710.592,low_phos,Phos
∆yoaI,1467.6805,low_phos,Phos
∆yoaI,1442.7297,low_phos,Phos
∆yoaI,2507.1292,low_phos,Phos
∆yoaI,1501.5652,low_phos,Phos
∆yoaI,2321.1772,low_phos,Phos
∆yoaI,1504.7946,low_phos,Phos
∆yoaI,1158.9851,low_phos,Phos
∆yoaI,4064.4941,low_phos,Phos
∆yoaI,1512.2784,low_phos,Phos
∆yoaI,3350.125,low_phos,Phos
∆yoaI,2198.612,low_phos,Phos
∆yoaI,2146.492,low_phos,Phos
∆yoaI,2191.8445,low_phos,Phos
∆yoaI,4499.3115,low_phos,Phos
∆yoaI,7926.2183,low_phos,Phos
∆yoaI,1526.9354,low_phos,Phos
∆yoaI,2438.6848,low_phos,Phos
∆yoaI,3646.9185,low_phos,Phos
∆yoaI,3042.6667,low_phos,Phos
∆yoaI,2664.5847,low_phos,Phos
∆yoaI,2548.697,low_phos,Phos
∆yoaI,1493.2646,low_phos,Phos
∆yoaI,3095.9104,low_phos,Phos
∆yoaI,4566.989,low_phos,Phos
∆yoaI,2354.3613,low_phos,Phos
∆yoaI∆envZ,692.03613,No_stress,Phos
∆yoaI∆envZ,784.569,No_stress,Phos
∆yoaI∆envZ,545.7231,No_stress,Phos
∆yoaI∆envZ,767.72,No_stress,Phos
∆yoaI∆envZ,603.8588,No_stress,Phos
∆yoaI∆envZ,702.8765,No_stress,Phos
∆yoaI∆envZ,691.6,No_stress,Phos
∆yoaI∆envZ,562.4918,No_stress,Phos
∆yoaI∆envZ,606.9778,No_stress,Phos
∆yoaI∆envZ,565.8525,No_stress,Phos
∆yoaI∆envZ,611.2656,No_stress,Phos
∆yoaI∆envZ,653.07794,No_stress,Phos
∆yoaI∆envZ,822.94116,No_stress,Phos
∆yoaI∆envZ,1059.0822,No_stress,Phos
∆yoaI∆envZ,723.1884,No_stress,Phos
∆yoaI∆envZ,622.8,No_stress,Phos
∆yoaI∆envZ,606.9863,No_stress,Phos
∆yoaI∆envZ,634.2083,No_stress,Phos
∆yoaI∆envZ,772.21686,No_stress,Phos
∆yoaI∆envZ,589.6634,No_stress,Phos
∆yoaI∆envZ,774.06665,No_stress,Phos
∆yoaI∆envZ,610.36285,No_stress,Phos
∆yoaI∆envZ,1370.4318,No_stress,Phos
∆yoaI∆envZ,817.0909,No_stress,Phos
∆yoaI∆envZ,651.3051,No_stress,Phos
∆yoaI∆envZ,726.44946,No_stress,Phos
∆yoaI∆envZ,631.9528,No_stress,Phos
∆yoaI∆envZ,547.47943,No_stress,Phos
∆yoaI∆envZ,637.0135,No_stress,Phos
∆yoaI∆envZ,540.61194,No_stress,Phos
∆yoaI∆envZ,593.12305,No_stress,Phos
∆yoaI∆envZ,563.1884,No_stress,Phos
∆yoaI∆envZ,596.4203,No_stress,Phos
∆yoaI∆envZ,818.65515,No_stress,Phos
∆yoaI∆envZ,567.09186,No_stress,Phos
∆yoaI∆envZ,820.6061,No_stress,Phos
∆yoaI∆envZ,760.2985,No_stress,Phos
∆yoaI∆envZ,625.39703,No_stress,Phos
∆yoaI∆envZ,565.5056,No_stress,Phos
∆yoaI∆envZ,680.5417,No_stress,Phos
∆yoaI∆envZ,841.92957,No_stress,Phos
∆yoaI∆envZ,536.6667,No_stress,Phos
∆yoaI∆envZ,551.4516,No_stress,Phos
∆yoaI∆envZ,665.38354,No_stress,Phos
∆yoaI∆envZ,827.4507,No_stress,Phos
∆yoaI∆envZ,791.14813,No_stress,Phos
∆yoaI∆envZ,546.8427,No_stress,Phos
∆yoaI∆envZ,617.7077,No_stress,Phos
∆yoaI∆envZ,665.7838,No_stress,Phos
∆yoaI∆envZ,619.25806,No_stress,Phos
∆yoaI∆envZ,695.25745,No_stress,Phos
∆yoaI∆envZ,928.15704,No_stress,Phos
∆yoaI∆envZ,788.9439,No_stress,Phos
∆yoaI∆envZ,566.39435,No_stress,Phos
∆yoaI∆envZ,815.0323,No_stress,Phos
∆yoaI∆envZ,1022.01587,No_stress,Phos
∆yoaI∆envZ,780.1875,No_stress,Phos
∆yoaI∆envZ,643.56714,No_stress,Phos
∆yoaI∆envZ,661.55695,No_stress,Phos
∆yoaI∆envZ,638.92773,No_stress,Phos
∆yoaI∆envZ,757.7,No_stress,Phos
∆yoaI∆envZ,565.8378,No_stress,Phos
∆yoaI∆envZ,617.9375,No_stress,Phos
∆yoaI∆envZ,686.71643,No_stress,Phos
∆yoaI∆envZ,634.8148,No_stress,Phos
∆yoaI∆envZ,653.1625,No_stress,Phos
∆yoaI∆envZ,665.2754,No_stress,Phos
∆yoaI∆envZ,589.30304,No_stress,Phos
∆yoaI∆envZ,560.2159,No_stress,Phos
∆yoaI∆envZ,846.4923,No_stress,Phos
∆yoaI∆envZ,604.4143,No_stress,Phos
∆yoaI∆envZ,618.1489,No_stress,Phos
∆yoaI∆envZ,786.1558,No_stress,Phos
∆yoaI∆envZ,622.5,No_stress,Phos
∆yoaI∆envZ,667.91046,No_stress,Phos
∆yoaI∆envZ,568.38776,No_stress,Phos
∆yoaI∆envZ,623.942,No_stress,Phos
∆yoaI∆envZ,717.75,No_stress,Phos
∆yoaI∆envZ,822.01904,No_stress,Phos
∆yoaI∆envZ,567.5222,No_stress,Phos
∆yoaI∆envZ,550.3333,No_stress,Phos
∆yoaI∆envZ,710.6019,No_stress,Phos
∆yoaI∆envZ,820.7761,No_stress,Phos
∆yoaI∆envZ,1034.9275,No_stress,Phos
∆yoaI∆envZ,856.8941,No_stress,Phos
∆yoaI∆envZ,558.40155,No_stress,Phos
∆yoaI∆envZ,576.47125,No_stress,Phos
∆yoaI∆envZ,551.5,No_stress,Phos
∆yoaI∆envZ,674.2121,No_stress,Phos
∆yoaI∆envZ,563.46155,No_stress,Phos
∆yoaI∆envZ,627.71014,No_stress,Phos
∆yoaI∆envZ,563.2105,No_stress,Phos
∆yoaI∆envZ,589.9878,No_stress,Phos
∆yoaI∆envZ,667.9383,No_stress,Phos
∆yoaI∆envZ,606.32587,No_stress,Phos
∆yoaI∆envZ,749.37335,No_stress,Phos
∆yoaI∆envZ,661.65424,No_stress,Phos
∆yoaI∆envZ,706.2845,No_stress,Phos
∆yoaI∆envZ,561.3896,No_stress,Phos
∆yoaI∆envZ,606.84375,No_stress,Phos
∆yoaI∆envZ,611.5294,No_stress,Phos
∆yoaI∆envZ,716.91925,No_stress,Phos
∆yoaI∆envZ,762.1642,No_stress,Phos
∆yoaI∆envZ,633.81177,No_stress,Phos
∆yoaI∆envZ,992.3623,No_stress,Phos
∆yoaI∆envZ,722.93243,No_stress,Phos
∆yoaI∆envZ,615.4415,No_stress,Phos
∆yoaI∆envZ,691.7681,No_stress,Phos
∆yoaI∆envZ,781.74664,No_stress,Phos
∆yoaI∆envZ,773.2683,No_stress,Phos
∆yoaI∆envZ,721.0357,No_stress,Phos
∆yoaI∆envZ,655.8481,No_stress,Phos
∆yoaI∆envZ,579.5,No_stress,Phos
∆yoaI∆envZ,652.9286,No_stress,Phos
∆yoaI∆envZ,799.0615,No_stress,Phos
∆yoaI∆envZ,651.1719,No_stress,Phos
∆yoaI∆envZ,601.129,No_stress,Phos
∆yoaI∆envZ,595.8333,No_stress,Phos
∆yoaI∆envZ,855.75824,No_stress,Phos
∆yoaI∆envZ,670.9457,No_stress,Phos
∆yoaI∆envZ,621.15466,No_stress,Phos
∆yoaI∆envZ,660.0448,No_stress,Phos
∆yoaI∆envZ,768.6667,No_stress,Phos
∆yoaI∆envZ,619.3964,No_stress,Phos
∆yoaI∆envZ,708.6264,No_stress,Phos
∆yoaI∆envZ,575.6163,No_stress,Phos
∆yoaI∆envZ,630.68677,No_stress,Phos
∆yoaI∆envZ,633.08,No_stress,Phos
∆yoaI∆envZ,690.9867,No_stress,Phos
∆yoaI∆envZ,858.0615,No_stress,Phos
∆yoaI∆envZ,641.07355,No_stress,Phos
∆yoaI∆envZ,597.6923,No_stress,Phos
∆yoaI∆envZ,883.64197,No_stress,Phos
∆yoaI∆envZ,636.5493,No_stress,Phos
∆yoaI∆envZ,661.73834,No_stress,Phos
∆yoaI∆envZ,904.6,No_stress,Phos
∆yoaI∆envZ,904.4177,No_stress,Phos
∆yoaI∆envZ,589.7528,No_stress,Phos
∆yoaI∆envZ,937.9658,No_stress,Phos
∆yoaI∆envZ,631.6139,No_stress,Phos
∆yoaI∆envZ,560.8158,No_stress,Phos
∆yoaI∆envZ,754.3118,No_stress,Phos
∆yoaI∆envZ,664.8472,No_stress,Phos
∆yoaI∆envZ,610.9231,No_stress,Phos
∆yoaI∆envZ,682.32434,No_stress,Phos
∆yoaI∆envZ,715.44446,No_stress,Phos
∆yoaI∆envZ,679.5714,No_stress,Phos
∆yoaI∆envZ,689.61334,No_stress,Phos
∆yoaI∆envZ,707.2353,No_stress,Phos
∆yoaI∆envZ,1018.10126,No_stress,Phos
∆yoaI∆envZ,659.2875,No_stress,Phos
∆yoaI∆envZ,618.0353,No_stress,Phos
∆yoaI∆envZ,599.5455,No_stress,Phos
∆yoaI∆envZ,560.7625,No_stress,Phos
∆yoaI∆envZ,578.1549,No_stress,Phos
∆yoaI∆envZ,616.7288,No_stress,Phos
∆yoaI∆envZ,796.98096,No_stress,Phos
∆yoaI∆envZ,684.37933,No_stress,Phos
∆yoaI∆envZ,681.4268,No_stress,Phos
∆yoaI∆envZ,693.7528,No_stress,Phos
∆yoaI∆envZ,621.44,No_stress,Phos
∆yoaI∆envZ,723.1134,No_stress,Phos
∆yoaI∆envZ,599.2895,No_stress,Phos
∆yoaI∆envZ,582.09875,No_stress,Phos
∆yoaI∆envZ,694.5577,No_stress,Phos
∆yoaI∆envZ,631.64935,No_stress,Phos
∆yoaI∆envZ,672.0357,No_stress,Phos
∆yoaI∆envZ,741.64,No_stress,Phos
∆yoaI∆envZ,743.1951,No_stress,Phos
∆yoaI∆envZ,550.8837,No_stress,Phos
∆yoaI∆envZ,584.0449,No_stress,Phos
∆yoaI∆envZ,576.25775,No_stress,Phos
∆yoaI∆envZ,573.354,No_stress,Phos
∆yoaI∆envZ,825.8514,No_stress,Phos
∆yoaI∆envZ,589.2763,No_stress,Phos
∆yoaI∆envZ,670.35,No_stress,Phos
∆yoaI∆envZ,834.70734,No_stress,Phos
∆yoaI∆envZ,604.2568,No_stress,Phos
∆yoaI∆envZ,572.1905,No_stress,Phos
∆yoaI∆envZ,851.67706,No_stress,Phos
∆yoaI∆envZ,565.2439,No_stress,Phos
∆yoaI∆envZ,736.8955,No_stress,Phos
∆yoaI∆envZ,736.6667,No_stress,Phos
∆yoaI∆envZ,550.8077,No_stress,Phos
∆yoaI∆envZ,984.1933,No_stress,Phos
∆yoaI∆envZ,792.47675,No_stress,Phos
∆yoaI∆envZ,587.2921,No_stress,Phos
∆yoaI∆envZ,740.6923,No_stress,Phos
∆yoaI∆envZ,582.6286,No_stress,Phos
∆yoaI∆envZ,670.5185,No_stress,Phos
∆yoaI∆envZ,659.1923,No_stress,Phos
∆yoaI∆envZ,600.88464,No_stress,Phos
∆yoaI∆envZ,766.7619,No_stress,Phos
∆yoaI∆envZ,664.3826,No_stress,Phos
∆yoaI∆envZ,664.5658,No_stress,Phos
∆yoaI∆envZ,662.63336,No_stress,Phos
∆yoaI∆envZ,649.521,No_stress,Phos
∆yoaI∆envZ,724.44086,No_stress,Phos
∆yoaI∆envZ,1422.3491,No_stress,Phos
∆yoaI∆envZ,693.5455,No_stress,Phos
∆yoaI∆envZ,997.54944,No_stress,Phos
∆yoaI∆envZ,705.3375,No_stress,Phos
∆yoaI∆envZ,859.01263,No_stress,Phos
∆yoaI∆envZ,700.4684,No_stress,Phos
∆yoaI∆envZ,570.72974,No_stress,Phos
∆yoaI∆envZ,540.35956,No_stress,Phos
∆yoaI∆envZ,638.6087,No_stress,Phos
∆yoaI∆envZ,568.11926,No_stress,Phos
∆yoaI∆envZ,548.29895,No_stress,Phos
∆yoaI∆envZ,684.23914,No_stress,Phos
∆yoaI∆envZ,666.88544,No_stress,Phos
∆yoaI∆envZ,669.37976,No_stress,Phos
∆yoaI∆envZ,573.3038,No_stress,Phos
∆yoaI∆envZ,602.5517,No_stress,Phos
∆yoaI∆envZ,571.63416,No_stress,Phos
∆yoaI∆envZ,599.63416,No_stress,Phos
∆yoaI∆envZ,577.6111,No_stress,Phos
∆yoaI∆envZ,599,No_stress,Phos
∆yoaI∆envZ,687.7273,No_stress,Phos
∆yoaI∆envZ,557.58826,No_stress,Phos
∆yoaI∆envZ,845,No_stress,Phos
∆yoaI∆envZ,606.8642,No_stress,Phos
∆yoaI∆envZ,636.96075,No_stress,Phos
∆yoaI∆envZ,633.3415,No_stress,Phos
∆yoaI∆envZ,618.79816,No_stress,Phos
∆yoaI∆envZ,568.60675,No_stress,Phos
∆yoaI∆envZ,588.5223,No_stress,Phos
∆yoaI∆envZ,874.3084,No_stress,Phos
∆yoaI∆envZ,590.5034,No_stress,Phos
∆yoaI∆envZ,823.56177,No_stress,Phos
∆yoaI∆envZ,947.31195,No_stress,Phos
∆yoaI∆envZ,565.67224,No_stress,Phos
∆yoaI∆envZ,991.86206,low_phos,Phos
∆yoaI∆envZ,768.7536,low_phos,Phos
∆yoaI∆envZ,1319.8358,low_phos,Phos
∆yoaI∆envZ,780.0328,low_phos,Phos
∆yoaI∆envZ,776.28357,low_phos,Phos
∆yoaI∆envZ,1017.1132,low_phos,Phos
∆yoaI∆envZ,1107.6909,low_phos,Phos
∆yoaI∆envZ,760.01495,low_phos,Phos
∆yoaI∆envZ,773.86566,low_phos,Phos
∆yoaI∆envZ,770.35187,low_phos,Phos
∆yoaI∆envZ,767.125,low_phos,Phos
∆yoaI∆envZ,959.07465,low_phos,Phos
∆yoaI∆envZ,699.10846,low_phos,Phos
∆yoaI∆envZ,627.2241,low_phos,Phos
∆yoaI∆envZ,995.9524,low_phos,Phos
∆yoaI∆envZ,1173.3273,low_phos,Phos
∆yoaI∆envZ,752.9583,low_phos,Phos
∆yoaI∆envZ,1073.3279,low_phos,Phos
∆yoaI∆envZ,629.8889,low_phos,Phos
∆yoaI∆envZ,1070.2543,low_phos,Phos
∆yoaI∆envZ,705.1111,low_phos,Phos
∆yoaI∆envZ,621.6479,low_phos,Phos
∆yoaI∆envZ,1075.95,low_phos,Phos
∆yoaI∆envZ,954.9167,low_phos,Phos
∆yoaI∆envZ,692.4643,low_phos,Phos
∆yoaI∆envZ,1280.6,low_phos,Phos
∆yoaI∆envZ,968.19354,low_phos,Phos
∆yoaI∆envZ,809.39343,low_phos,Phos
∆yoaI∆envZ,804.54736,low_phos,Phos
∆yoaI∆envZ,803.97894,low_phos,Phos
∆yoaI∆envZ,1138.8182,low_phos,Phos
∆yoaI∆envZ,544.386,low_phos,Phos
∆yoaI∆envZ,1078.7576,low_phos,Phos
∆yoaI∆envZ,1310.8889,low_phos,Phos
∆yoaI∆envZ,698.7778,low_phos,Phos
∆yoaI∆envZ,872.2542,low_phos,Phos
∆yoaI∆envZ,780,low_phos,Phos
∆yoaI∆envZ,753.29895,low_phos,Phos
∆yoaI∆envZ,1208.8871,low_phos,Phos
∆yoaI∆envZ,880.01495,low_phos,Phos
∆yoaI∆envZ,1168.8271,low_phos,Phos
∆yoaI∆envZ,913.77106,low_phos,Phos
∆yoaI∆envZ,1093.418,low_phos,Phos
∆yoaI∆envZ,816.4133,low_phos,Phos
∆yoaI∆envZ,1206.0735,low_phos,Phos
∆yoaI∆envZ,968.8511,low_phos,Phos
∆yoaI∆envZ,1198.4058,low_phos,Phos
∆yoaI∆envZ,1032.25,low_phos,Phos
∆yoaI∆envZ,927.8116,low_phos,Phos
∆yoaI∆envZ,1124.0469,low_phos,Phos
∆yoaI∆envZ,621.0909,low_phos,Phos
∆yoaI∆envZ,776.70966,low_phos,Phos
∆yoaI∆envZ,1196.6316,low_phos,Phos
∆yoaI∆envZ,1071.7188,low_phos,Phos
∆yoaI∆envZ,586.74243,low_phos,Phos
∆yoaI∆envZ,1025.7455,low_phos,Phos
∆yoaI∆envZ,1499.9851,low_phos,Phos
∆yoaI∆envZ,669.9583,low_phos,Phos
∆yoaI∆envZ,818.1774,low_phos,Phos
∆yoaI∆envZ,831.3908,low_phos,Phos
∆yoaI∆envZ,757.6177,low_phos,Phos
∆yoaI∆envZ,609.0484,low_phos,Phos
∆yoaI∆envZ,840.3333,low_phos,Phos
∆yoaI∆envZ,781.91174,low_phos,Phos
∆yoaI∆envZ,936.1818,low_phos,Phos
∆yoaI∆envZ,1071.7073,low_phos,Phos
∆yoaI∆envZ,906.6932,low_phos,Phos
∆yoaI∆envZ,707.56165,low_phos,Phos
∆yoaI∆envZ,860.54236,low_phos,Phos
∆yoaI∆envZ,1140.7826,low_phos,Phos
∆yoaI∆envZ,1058.2297,low_phos,Phos
∆yoaI∆envZ,828.5977,low_phos,Phos
∆yoaI∆envZ,580.6292,low_phos,Phos
∆yoaI∆envZ,597.62335,low_phos,Phos
∆yoaI∆envZ,631.38354,low_phos,Phos
∆yoaI∆envZ,742.1385,low_phos,Phos
∆yoaI∆envZ,624.76056,low_phos,Phos
∆yoaI∆envZ,1460.2623,low_phos,Phos
∆yoaI∆envZ,752.80597,low_phos,Phos
∆yoaI∆envZ,831.0135,low_phos,Phos
∆yoaI∆envZ,1135.0164,low_phos,Phos
∆yoaI∆envZ,559.95654,low_phos,Phos
∆yoaI∆envZ,719.569,low_phos,Phos
∆yoaI∆envZ,625.4286,low_phos,Phos
∆yoaI∆envZ,642.6866,low_phos,Phos
∆yoaI∆envZ,1044.9735,low_phos,Phos
∆yoaI∆envZ,855.9722,low_phos,Phos
∆yoaI∆envZ,792.8889,low_phos,Phos
∆yoaI∆envZ,821.9365,low_phos,Phos
∆yoaI∆envZ,884.97144,low_phos,Phos
∆yoaI∆envZ,889.3077,low_phos,Phos
∆yoaI∆envZ,770.51044,low_phos,Phos
∆yoaI∆envZ,878.2295,low_phos,Phos
∆yoaI∆envZ,810.9531,low_phos,Phos
∆yoaI∆envZ,1271.9028,low_phos,Phos
∆yoaI∆envZ,630.9857,low_phos,Phos
∆yoaI∆envZ,690.8169,low_phos,Phos
∆yoaI∆envZ,1067.2295,low_phos,Phos
∆yoaI∆envZ,767.7679,low_phos,Phos
∆yoaI∆envZ,883.5714,low_phos,Phos
∆yoaI∆envZ,736.0541,low_phos,Phos
∆yoaI∆envZ,597.42645,low_phos,Phos
∆yoaI∆envZ,980.95123,low_phos,Phos
∆yoaI∆envZ,1224.8,low_phos,Phos
∆yoaI∆envZ,952.675,low_phos,Phos
∆yoaI∆envZ,1274.3103,low_phos,Phos
∆yoaI∆envZ,1249.4395,low_phos,Phos
∆yoaI∆envZ,941.71606,low_phos,Phos
∆yoaI∆envZ,1057.2632,low_phos,Phos
∆yoaI∆envZ,768.2778,low_phos,Phos
∆yoaI∆envZ,746.5469,low_phos,Phos
∆yoaI∆envZ,826.3205,low_phos,Phos
∆yoaI∆envZ,1047.4921,low_phos,Phos
∆yoaI∆envZ,884.9545,low_phos,Phos
∆yoaI∆envZ,811,low_phos,Phos
∆yoaI∆envZ,870.7766,low_phos,Phos
∆yoaI∆envZ,804.0154,low_phos,Phos
∆yoaI∆envZ,1508.2812,low_phos,Phos
∆yoaI∆envZ,1267.5964,low_phos,Phos
∆yoaI∆envZ,687.6,low_phos,Phos
∆yoaI∆envZ,606.6316,low_phos,Phos
∆yoaI∆envZ,1495.6268,low_phos,Phos
∆yoaI∆envZ,715.4507,low_phos,Phos
∆yoaI∆envZ,620.16925,low_phos,Phos
∆yoaI∆envZ,787.5972,low_phos,Phos
∆yoaI∆envZ,1128.9032,low_phos,Phos
∆yoaI∆envZ,542.5663,low_phos,Phos
∆yoaI∆envZ,834.2381,low_phos,Phos
∆yoaI∆envZ,821.0984,low_phos,Phos
∆yoaI∆envZ,710.11395,low_phos,Phos
∆yoaI∆envZ,819.15216,low_phos,Phos
∆yoaI∆envZ,875.59375,low_phos,Phos
∆yoaI∆envZ,793.1667,low_phos,Phos
∆yoaI∆envZ,783.2154,low_phos,Phos
∆yoaI∆envZ,811.2857,low_phos,Phos
∆yoaI∆envZ,871.2055,low_phos,Phos
∆yoaI∆envZ,671.6173,low_phos,Phos
∆yoaI∆envZ,858.89655,low_phos,Phos
∆yoaI∆envZ,836.1857,low_phos,Phos
∆yoaI∆envZ,868.28766,low_phos,Phos
∆yoaI∆envZ,1480.7426,low_phos,Phos
∆yoaI∆envZ,657.24243,low_phos,Phos
∆yoaI∆envZ,639.5541,low_phos,Phos
∆yoaI∆envZ,911.2027,low_phos,Phos
∆yoaI∆envZ,719.4,low_phos,Phos
∆yoaI∆envZ,898.625,low_phos,Phos
∆yoaI∆envZ,701,low_phos,Phos
∆yoaI∆envZ,848.5714,low_phos,Phos
∆yoaI∆envZ,658.8082,low_phos,Phos
∆yoaI∆envZ,837.7755,low_phos,Phos
∆yoaI∆envZ,582.57745,low_phos,Phos
∆yoaI∆envZ,824.5439,low_phos,Phos
∆yoaI∆envZ,992.2174,low_phos,Phos
∆yoaI∆envZ,636.4659,low_phos,Phos
∆yoaI∆envZ,660.10974,low_phos,Phos
∆yoaI∆envZ,935.2459,low_phos,Phos
∆yoaI∆envZ,1025.7693,low_phos,Phos
∆yoaI∆envZ,810.0625,low_phos,Phos
∆yoaI∆envZ,906.54877,low_phos,Phos
∆yoaI∆envZ,664.4603,low_phos,Phos
∆yoaI∆envZ,664.03,low_phos,Phos
∆yoaI∆envZ,937.78125,low_phos,Phos
∆yoaI∆envZ,652.5873,low_phos,Phos
∆yoaI∆envZ,944.08234,low_phos,Phos
∆yoaI∆envZ,903.0516,low_phos,Phos
∆yoaI∆envZ,856.7463,low_phos,Phos
∆yoaI∆envZ,671.0123,low_phos,Phos
∆yoaI∆envZ,981.42554,low_phos,Phos
∆yoaI∆envZ,648.73773,low_phos,Phos
∆yoaI∆envZ,674.30634,low_phos,Phos
∆yoaI∆envZ,913.1087,low_phos,Phos
∆yoaI∆envZ,914.2907,low_phos,Phos
∆yoaI∆envZ,907.7344,low_phos,Phos
∆yoaI∆envZ,682.33844,low_phos,Phos
∆yoaI∆envZ,994.7733,low_phos,Phos
∆yoaI∆envZ,1154.8462,low_phos,Phos
∆yoaI∆envZ,845.2353,low_phos,Phos
∆yoaI∆envZ,852.4343,low_phos,Phos
∆yoaI∆envZ,1129.7222,low_phos,Phos
∆yoaI∆envZ,864.275,low_phos,Phos
∆yoaI∆envZ,1541.8,low_phos,Phos
∆yoaI∆envZ,543.4868,low_phos,Phos
∆yoaI∆envZ,591,low_phos,Phos
∆yoaI∆envZ,604.1857,low_phos,Phos
∆yoaI∆envZ,889.0921,low_phos,Phos
∆yoaI∆envZ,668.9524,low_phos,Phos
∆yoaI∆envZ,844.2371,low_phos,Phos
∆yoaI∆envZ,564.4805,low_phos,Phos
∆yoaI∆envZ,664.6286,low_phos,Phos
∆yoaI∆envZ,876.4776,low_phos,Phos
∆yoaI∆envZ,904.7475,low_phos,Phos
∆yoaI∆envZ,679.02,low_phos,Phos
∆yoaI∆envZ,957.01587,low_phos,Phos
∆yoaI∆envZ,674.4697,low_phos,Phos
∆yoaI∆envZ,856.3495,low_phos,Phos
∆yoaI∆envZ,847.3108,low_phos,Phos
∆yoaI∆envZ,671.402,low_phos,Phos
∆yoaI∆envZ,1140.4714,low_phos,Phos
∆yoaI∆envZ,1265.595,low_phos,Phos
∆yoaI∆envZ,951.0405,low_phos,Phos
∆yoaI∆envZ,832.3579,low_phos,Phos
∆yoaI∆envZ,926.6076,low_phos,Phos
∆yoaI∆envZ,542.25,low_phos,Phos
∆yoaI∆envZ,788.17444,low_phos,Phos
∆yoaI∆envZ,1194.395,low_phos,Phos
∆yoaI∆envZ,903.8,low_phos,Phos
∆yoaI∆envZ,989.1975,low_phos,Phos
∆yoaI∆envZ,539.7231,low_phos,Phos
∆yoaI∆envZ,668.37933,low_phos,Phos
∆yoaI∆envZ,1000.2593,low_phos,Phos
∆yoaI∆envZ,664.33734,low_phos,Phos
∆yoaI∆envZ,942.73846,low_phos,Phos
∆yoaI∆envZ,1875.0135,low_phos,Phos
∆yoaI∆envZ,662,low_phos,Phos
∆yoaI∆envZ,928.5357,low_phos,Phos
∆yoaI∆envZ,661.9888,low_phos,Phos
∆yoaI∆envZ,673.2371,low_phos,Phos
∆yoaI∆envZ,662.1184,low_phos,Phos
∆yoaI∆envZ,865.012,low_phos,Phos
∆yoaI∆envZ,546.69135,low_phos,Phos
∆yoaI∆envZ,564,low_phos,Phos
∆yoaI∆envZ,668.71606,low_phos,Phos
∆yoaI∆envZ,908.42645,low_phos,Phos
∆yoaI∆envZ,1183.2826,low_phos,Phos
∆yoaI∆envZ,1212.7848,low_phos,Phos
∆yoaI∆envZ,954.12,low_phos,Phos
∆yoaI∆envZ,987.2439,low_phos,Phos
∆yoaI∆envZ,880.4415,low_phos,Phos
∆yoaI∆envZ,1493.3478,low_phos,Phos
∆yoaI∆envZ,1268.2593,low_phos,Phos
∆yoaI∆envZ,665.4557,low_phos,Phos
∆yoaI∆envZ,1151.183,low_phos,Phos
∆yoaI∆envZ,683.5679,low_phos,Phos
∆yoaI∆envZ,603.0284,low_phos,Phos