strain,fluorescence,stress
wild_type,914.2663,No_stress
wild_type,999.40985,No_stress
wild_type,889.53625,No_stress
wild_type,802.08856,No_stress
wild_type,774.5051,No_stress
wild_type,703.47205,No_stress
wild_type,731.4572,No_stress
wild_type,843.06995,No_stress
wild_type,761.8808,No_stress
wild_type,1022.5918,No_stress
wild_type,773.29156,No_stress
wild_type,783.9329,No_stress
wild_type,958.50934,No_stress
wild_type,839.3657,No_stress
wild_type,908.93494,No_stress
wild_type,804.76996,No_stress
wild_type,1104.8514,No_stress
wild_type,773.82007,No_stress
wild_type,750.43054,No_stress
wild_type,708.9407,No_stress
wild_type,689.38306,No_stress
wild_type,728.67523,No_stress
wild_type,794.43097,No_stress
wild_type,697.4326,No_stress
wild_type,890.0141,No_stress
wild_type,858.4441,No_stress
wild_type,715.15686,No_stress
wild_type,704.6374,No_stress
wild_type,891.83514,No_stress
wild_type,776.5668,No_stress
wild_type,927.55194,No_stress
wild_type,668.5919,No_stress
wild_type,690.8451,No_stress
wild_type,1213.9663,No_stress
wild_type,840.96716,No_stress
wild_type,913.97015,No_stress
wild_type,765.3048,No_stress
wild_type,778.4515,No_stress
wild_type,713.08563,No_stress
wild_type,653.4624,No_stress
wild_type,822.6667,No_stress
wild_type,854.68286,No_stress
wild_type,959.351,No_stress
wild_type,870.81006,No_stress
wild_type,836.5041,No_stress
wild_type,676.33594,No_stress
wild_type,734.17004,No_stress
wild_type,1010.6592,No_stress
wild_type,1298.0931,No_stress
wild_type,837.98895,No_stress
wild_type,711.27313,No_stress
wild_type,672.82837,No_stress
wild_type,797.2749,No_stress
wild_type,724.45715,No_stress
wild_type,859.9234,No_stress
wild_type,776.79846,No_stress
wild_type,1277.5311,No_stress
wild_type,924.3228,No_stress
wild_type,1035.447,No_stress
wild_type,772.5261,No_stress
wild_type,952.65546,No_stress
wild_type,911.0678,No_stress
wild_type,776.6549,No_stress
wild_type,756.56226,No_stress
wild_type,809.2761,No_stress
wild_type,789.4701,No_stress
wild_type,929.8067,No_stress
wild_type,1007.0323,No_stress
wild_type,742.42993,No_stress
wild_type,954.5509,No_stress
wild_type,801.6056,No_stress
wild_type,676.92914,No_stress
wild_type,823.8704,No_stress
wild_type,725.61884,No_stress
wild_type,760.2387,No_stress
wild_type,898.95197,No_stress
wild_type,713.69696,No_stress
wild_type,756.4808,No_stress
wild_type,711.3632,No_stress
wild_type,868.6786,No_stress
wild_type,681.61884,No_stress
wild_type,1053.3552,No_stress
wild_type,809.57916,No_stress
wild_type,899.11005,No_stress
wild_type,872.2955,No_stress
wild_type,907.8439,No_stress
wild_type,840.209,No_stress
wild_type,879.13684,No_stress
wild_type,978.58655,No_stress
wild_type,682.9231,No_stress
wild_type,861.4311,No_stress
wild_type,799.4481,No_stress
wild_type,754.6667,No_stress
wild_type,683.19,No_stress
wild_type,845.967,No_stress
wild_type,678.1875,No_stress
wild_type,953.5813,No_stress
wild_type,840.5813,No_stress
wild_type,1078.685,No_stress
wild_type,698.2705,No_stress
wild_type,1020.6412,No_stress
wild_type,1460.5258,No_stress
wild_type,696.0097,No_stress
wild_type,704.2824,No_stress
wild_type,734.4385,No_stress
wild_type,784.9536,No_stress
wild_type,687.4524,No_stress
wild_type,731.83936,No_stress
wild_type,912.1989,No_stress
wild_type,888.41174,No_stress
wild_type,834.2,No_stress
wild_type,878.2216,No_stress
wild_type,722.7461,No_stress
wild_type,750.63104,No_stress
wild_type,791.39594,No_stress
wild_type,991.48956,No_stress
wild_type,667.77295,No_stress
wild_type,802.04456,No_stress
wild_type,649.9347,No_stress
wild_type,1224.887,No_stress
wild_type,1105.2634,No_stress
wild_type,1097.3586,No_stress
wild_type,709.3081,No_stress
wild_type,754.4545,No_stress
wild_type,691.5628,No_stress
wild_type,1086.0153,No_stress
wild_type,1030.2632,No_stress
wild_type,764.91907,No_stress
wild_type,696.2737,No_stress
wild_type,766.30896,No_stress
wild_type,707.67065,No_stress
wild_type,949.2819,No_stress
wild_type,913.9026,No_stress
wild_type,742.14374,No_stress
wild_type,1079.2222,No_stress
wild_type,901.85895,No_stress
wild_type,1509.5454,No_stress
wild_type,856.3422,No_stress
wild_type,1135.8975,No_stress
wild_type,943.744,No_stress
wild_type,863.1297,No_stress
wild_type,785.7425,No_stress
wild_type,847.32355,No_stress
wild_type,775.5722,No_stress
wild_type,981.01166,No_stress
wild_type,1017.0874,No_stress
wild_type,655.7212,No_stress
wild_type,756.6607,No_stress
wild_type,708.53674,No_stress
wild_type,929.0824,No_stress
wild_type,746.65607,No_stress
wild_type,1552.4518,No_stress
wild_type,957.991,No_stress
wild_type,675.7105,No_stress
wild_type,731.6585,No_stress
wild_type,913.7192,No_stress
wild_type,953.3554,No_stress
wild_type,1150.1871,No_stress
wild_type,946.2975,No_stress
wild_type,1406.9315,No_stress
wild_type,1097.546,No_stress
wild_type,756.5714,No_stress
wild_type,837.2826,No_stress
wild_type,955.07043,No_stress
wild_type,750.75885,No_stress
wild_type,764.13727,No_stress
wild_type,692.21686,No_stress
wild_type,682.04254,No_stress
wild_type,666.5461,No_stress
wild_type,774.94,No_stress
wild_type,1198.7402,No_stress
wild_type,928.9014,No_stress
wild_type,754.8188,No_stress
wild_type,671.4737,No_stress
wild_type,948.5357,No_stress
wild_type,679.7132,No_stress
wild_type,946.8175,No_stress
wild_type,809.007,No_stress
wild_type,685.07874,No_stress
wild_type,947.5591,No_stress
wild_type,771.12976,No_stress
wild_type,918.9394,No_stress
wild_type,1832.8896,No_stress
wild_type,824.2393,No_stress
wild_type,988.22626,No_stress
wild_type,702.92914,No_stress
wild_type,824.0379,No_stress
wild_type,687.7273,No_stress
wild_type,700.87177,No_stress
wild_type,1078.7656,No_stress
wild_type,665.9048,No_stress
wild_type,932.3308,No_stress
wild_type,644.5678,No_stress
wild_type,845.04346,No_stress
wild_type,959.8305,No_stress
wild_type,850.4878,No_stress
wild_type,833.70966,No_stress
wild_type,675.5455,No_stress
wild_type,663.2368,No_stress
wild_type,840.646,No_stress
wild_type,1226.9584,No_stress
wild_type,1299.2222,No_stress
∆yoaI,1481.7858,No_stress
∆yoaI,1407.0212,No_stress
∆yoaI,1359.1078,No_stress
∆yoaI,1319.092,No_stress
∆yoaI,1254.5135,No_stress
∆yoaI,1231.5223,No_stress
∆yoaI,1223.239,No_stress
∆yoaI,1215.337,No_stress
∆yoaI,1214.4489,No_stress
∆yoaI,1210.6364,No_stress
∆yoaI,1184.8376,No_stress
∆yoaI,1181.9242,No_stress
∆yoaI,1127.8721,No_stress
∆yoaI,1124.137,No_stress
∆yoaI,1107.0884,No_stress
∆yoaI,1101.8849,No_stress
∆yoaI,1093.9813,No_stress
∆yoaI,1086.1409,No_stress
∆yoaI,1083.8312,No_stress
∆yoaI,1083.5,No_stress
∆yoaI,1069.9133,No_stress
∆yoaI,1062.1826,No_stress
∆yoaI,1038.1776,No_stress
∆yoaI,1030.7273,No_stress
∆yoaI,1029.211,No_stress
∆yoaI,1027.4412,No_stress
∆yoaI,1022.7742,No_stress
∆yoaI,1020.79816,No_stress
∆yoaI,1019.3415,No_stress
∆yoaI,1010.0607,No_stress
∆yoaI,1008.795,No_stress
∆yoaI,1008.2118,No_stress
∆yoaI,1002.4253,No_stress
∆yoaI,1001.0711,No_stress
∆yoaI,1000.04254,No_stress
∆yoaI,998.07007,No_stress
∆yoaI,996.31915,No_stress
∆yoaI,993.38135,No_stress
∆yoaI,992.73706,No_stress
∆yoaI,990.12427,No_stress
∆yoaI,988.8942,No_stress
∆yoaI,987.8417,No_stress
∆yoaI,986.625,No_stress
∆yoaI,985.82574,No_stress
∆yoaI,985.5738,No_stress
∆yoaI,982.452,No_stress
∆yoaI,973.0866,No_stress
∆yoaI,966.5862,No_stress
∆yoaI,966.23785,No_stress
∆yoaI,963.3333,No_stress
∆yoaI,958.0752,No_stress
∆yoaI,957.1038,No_stress
∆yoaI,955.75,No_stress
∆yoaI,954.47455,No_stress
∆yoaI,950.5294,No_stress
∆yoaI,950.48413,No_stress
∆yoaI,948.4541,No_stress
∆yoaI,942.5833,No_stress
∆yoaI,941.67645,No_stress
∆yoaI,939.4711,No_stress
∆yoaI,938.3986,No_stress
∆yoaI,926.88306,No_stress
∆yoaI,924.76025,No_stress
∆yoaI,924.4252,No_stress
∆yoaI,923.91815,No_stress
∆yoaI,923.4627,No_stress
∆yoaI,922.00574,No_stress
∆yoaI,918.9711,No_stress
∆yoaI,918.426,No_stress
∆yoaI,918.2579,No_stress
∆yoaI,913.33765,No_stress
∆yoaI,913.13617,No_stress
∆yoaI,911.70166,No_stress
∆yoaI,909.4719,No_stress
∆yoaI,901.018,No_stress
∆yoaI,893.97437,No_stress
∆yoaI,890.8958,No_stress
∆yoaI,887.3182,No_stress
∆yoaI,886.8299,No_stress
∆yoaI,882.2263,No_stress
∆yoaI,874.51953,No_stress
∆yoaI,871.8469,No_stress
∆yoaI,869.53845,No_stress
∆yoaI,862.0425,No_stress
∆yoaI,859.8919,No_stress
∆yoaI,859.51447,No_stress
∆yoaI,858.93243,No_stress
∆yoaI,858.73114,No_stress
∆yoaI,857.3475,No_stress
∆yoaI,857.34296,No_stress
∆yoaI,853.1993,No_stress
∆yoaI,852.72205,No_stress
∆yoaI,850.75397,No_stress
∆yoaI,850.1896,No_stress
∆yoaI,845.6265,No_stress
∆yoaI,844.79333,No_stress
∆yoaI,844.283,No_stress
∆yoaI,842.38153,No_stress
∆yoaI,841.7088,No_stress
∆yoaI,840.68146,No_stress
∆yoaI,839.4192,No_stress
∆yoaI,839.3281,No_stress
∆yoaI,838.12915,No_stress
∆yoaI,835.0366,No_stress
∆yoaI,832.3711,No_stress
∆yoaI,831.47314,No_stress
∆yoaI,829.2031,No_stress
∆yoaI,819.7986,No_stress
∆yoaI,819.5,No_stress
∆yoaI,818.37067,No_stress
∆yoaI,815.75,No_stress
∆yoaI,813.56934,No_stress
∆yoaI,812.5224,No_stress
∆yoaI,812.43726,No_stress
∆yoaI,809.85205,No_stress
∆yoaI,809.3879,No_stress
∆yoaI,809,No_stress
∆yoaI,808.90283,No_stress
∆yoaI,806.4397,No_stress
∆yoaI,802.332,No_stress
∆yoaI,802.0272,No_stress
∆yoaI,801.10187,No_stress
∆yoaI,800.7877,No_stress
∆yoaI,799.2393,No_stress
∆yoaI,798.64264,No_stress
∆yoaI,797.9369,No_stress
∆yoaI,797.5,No_stress
∆yoaI,794.5827,No_stress
∆yoaI,794,No_stress
∆yoaI,788.5967,No_stress
∆yoaI,777.26337,No_stress
∆yoaI,776.19855,No_stress
∆yoaI,774.9454,No_stress
∆yoaI,774.4706,No_stress
∆yoaI,773.6447,No_stress
∆yoaI,772.6,No_stress
∆yoaI,770.2719,No_stress
∆yoaI,767.8814,No_stress
∆yoaI,767.5828,No_stress
∆yoaI,766.1264,No_stress
∆yoaI,765.1978,No_stress
∆yoaI,761.8333,No_stress
∆yoaI,757.99384,No_stress
∆yoaI,756.90576,No_stress
∆yoaI,756.61847,No_stress
∆yoaI,756.2047,No_stress
∆yoaI,755.94794,No_stress
∆yoaI,755.9328,No_stress
∆yoaI,755.91394,No_stress
∆yoaI,754.7508,No_stress
∆yoaI,752.4007,No_stress
∆yoaI,752.321,No_stress
∆yoaI,751.8985,No_stress
∆yoaI,747.5599,No_stress
∆yoaI,746.4806,No_stress
∆yoaI,746.1713,No_stress
∆yoaI,746.0919,No_stress
∆yoaI,745.9187,No_stress
∆yoaI,745.6821,No_stress
∆yoaI,740.5364,No_stress
∆yoaI,740.42725,No_stress
∆yoaI,738.4871,No_stress
∆yoaI,735.96094,No_stress
∆yoaI,734.4611,No_stress
∆yoaI,733.1344,No_stress
∆yoaI,722.59357,No_stress
∆yoaI,718.674,No_stress
∆yoaI,711.87823,No_stress
∆yoaI,709.5,No_stress
∆yoaI,705.7838,No_stress
∆yoaI,702.7409,No_stress
∆yoaI,701.0432,No_stress
∆yoaI,700.79663,No_stress
∆yoaI,699.5729,No_stress
∆yoaI,697.12445,No_stress
∆yoaI,693.7178,No_stress
∆yoaI,693.21075,No_stress
∆yoaI,692.06036,No_stress
∆yoaI,690.2547,No_stress
∆yoaI,684.112,No_stress
∆yoaI,675.5207,No_stress
∆yoaI,675.35,No_stress
∆yoaI,667.75684,No_stress
∆yoaI,665.311,No_stress
∆yoaI,664.2558,No_stress
∆yoaI,660.09125,No_stress
∆yoaI,659.02484,No_stress
∆yoaI,653.3598,No_stress
∆yoaI,652.5714,No_stress
∆yoaI,650.2969,No_stress
∆yoaI,648.518,No_stress
∆yoaI,643.61743,No_stress
∆yoaI,642.408,No_stress
∆yoaI,638.6636,No_stress
∆yoaI,628.1059,No_stress
wild_type,621.16327,low_Mg
wild_type,624.3299,low_Mg
wild_type,627.13727,low_Mg
wild_type,629.92474,low_Mg
wild_type,636.6693,low_Mg
wild_type,637.08795,low_Mg
wild_type,644.4811,low_Mg
wild_type,646.14453,low_Mg
wild_type,649.50183,low_Mg
wild_type,652,low_Mg
wild_type,655.02673,low_Mg
wild_type,655.2759,low_Mg
wild_type,656.96295,low_Mg
wild_type,659.3,low_Mg
wild_type,660.4425,low_Mg
wild_type,662.3927,low_Mg
wild_type,665.46155,low_Mg
wild_type,671.75726,low_Mg
wild_type,673.6163,low_Mg
wild_type,674.2719,low_Mg
wild_type,674.953,low_Mg
wild_type,675.11176,low_Mg
wild_type,676.28107,low_Mg
wild_type,679.1421,low_Mg
wild_type,682.8238,low_Mg
wild_type,683.3177,low_Mg
wild_type,687.56433,low_Mg
wild_type,687.8451,low_Mg
wild_type,689.4108,low_Mg
wild_type,692.6591,low_Mg
wild_type,693.0961,low_Mg
wild_type,694.6568,low_Mg
wild_type,697.8226,low_Mg
wild_type,697.9034,low_Mg
wild_type,699.4167,low_Mg
wild_type,703.319,low_Mg
wild_type,703.4506,low_Mg
wild_type,706.87384,low_Mg
wild_type,707.8725,low_Mg
wild_type,708.6355,low_Mg
wild_type,710.90826,low_Mg
wild_type,712,low_Mg
wild_type,712.9263,low_Mg
wild_type,716.3176,low_Mg
wild_type,720.9561,low_Mg
wild_type,721.9339,low_Mg
wild_type,725.5,low_Mg
wild_type,728.1963,low_Mg
wild_type,729.6087,low_Mg
wild_type,730.23474,low_Mg
wild_type,731.01184,low_Mg
wild_type,731.1147,low_Mg
wild_type,734.0047,low_Mg
wild_type,737.36523,low_Mg
wild_type,738.153,low_Mg
wild_type,739.45514,low_Mg
wild_type,742.0714,low_Mg
wild_type,744.42175,low_Mg
wild_type,748.5665,low_Mg
wild_type,748.8866,low_Mg
wild_type,749.50256,low_Mg
wild_type,749.51337,low_Mg
wild_type,750.2553,low_Mg
wild_type,750.4463,low_Mg
wild_type,751.855,low_Mg
wild_type,753.1913,low_Mg
wild_type,753.3992,low_Mg
wild_type,754.4135,low_Mg
wild_type,755.3214,low_Mg
wild_type,758.6479,low_Mg
wild_type,758.6818,low_Mg
wild_type,760.64215,low_Mg
wild_type,761.1215,low_Mg
wild_type,763.12085,low_Mg
wild_type,763.14594,low_Mg
wild_type,763.4091,low_Mg
wild_type,769.2294,low_Mg
wild_type,769.335,low_Mg
wild_type,769.49493,low_Mg
wild_type,770.9647,low_Mg
wild_type,773.2,low_Mg
wild_type,775.43475,low_Mg
wild_type,777.4335,low_Mg
wild_type,780.53253,low_Mg
wild_type,783.3764,low_Mg
wild_type,786.02875,low_Mg
wild_type,786.48364,low_Mg
wild_type,788.4239,low_Mg
wild_type,789.0863,low_Mg
wild_type,792.06433,low_Mg
wild_type,804.5482,low_Mg
wild_type,805.1437,low_Mg
wild_type,807.8567,low_Mg
wild_type,808.0131,low_Mg
wild_type,808.4545,low_Mg
wild_type,812.7939,low_Mg
wild_type,813.2544,low_Mg
wild_type,818.0789,low_Mg
wild_type,819.0829,low_Mg
wild_type,821.5659,low_Mg
wild_type,821.6481,low_Mg
wild_type,822.2969,low_Mg
wild_type,824.72546,low_Mg
wild_type,833.71136,low_Mg
wild_type,833.7933,low_Mg
wild_type,838.3383,low_Mg
wild_type,841.125,low_Mg
wild_type,843.1344,low_Mg
wild_type,849.52545,low_Mg
wild_type,852.54205,low_Mg
wild_type,852.821,low_Mg
wild_type,853.3,low_Mg
wild_type,853.8571,low_Mg
wild_type,859.086,low_Mg
wild_type,859.4388,low_Mg
wild_type,861.26746,low_Mg
wild_type,862.3283,low_Mg
wild_type,862.98346,low_Mg
wild_type,864.3468,low_Mg
wild_type,870.8677,low_Mg
wild_type,877.5868,low_Mg
wild_type,877.62415,low_Mg
wild_type,882.66974,low_Mg
wild_type,884.86664,low_Mg
wild_type,885.5045,low_Mg
wild_type,890.48975,low_Mg
wild_type,891.32825,low_Mg
wild_type,891.5271,low_Mg
wild_type,891.8889,low_Mg
wild_type,892.69635,low_Mg
wild_type,895.06946,low_Mg
wild_type,899.8394,low_Mg
wild_type,909.97394,low_Mg
wild_type,914.26886,low_Mg
wild_type,914.59906,low_Mg
wild_type,915.60065,low_Mg
wild_type,918.89923,low_Mg
wild_type,918.9972,low_Mg
wild_type,922.8653,low_Mg
wild_type,922.9922,low_Mg
wild_type,926.30927,low_Mg
wild_type,927.7363,low_Mg
wild_type,931.43256,low_Mg
wild_type,931.61536,low_Mg
wild_type,933.4693,low_Mg
wild_type,933.7452,low_Mg
wild_type,935.46045,low_Mg
wild_type,938.3553,low_Mg
wild_type,939.399,low_Mg
wild_type,940.80634,low_Mg
wild_type,942.03107,low_Mg
wild_type,945,low_Mg
wild_type,945.03925,low_Mg
wild_type,945.6027,low_Mg
wild_type,946.9739,low_Mg
wild_type,948.63635,low_Mg
wild_type,951.44775,low_Mg
wild_type,954.0958,low_Mg
wild_type,955.96265,low_Mg
wild_type,958.5091,low_Mg
wild_type,962.18634,low_Mg
wild_type,962.9219,low_Mg
wild_type,966.8623,low_Mg
wild_type,968.04254,low_Mg
wild_type,970.8376,low_Mg
wild_type,971.4737,low_Mg
wild_type,975.84186,low_Mg
wild_type,976.32404,low_Mg
wild_type,981.65704,low_Mg
wild_type,985.19556,low_Mg
wild_type,986.9654,low_Mg
wild_type,987.3139,low_Mg
wild_type,987.36664,low_Mg
wild_type,992.74554,low_Mg
wild_type,996.97156,low_Mg
wild_type,997.15356,low_Mg
wild_type,1004.0802,low_Mg
wild_type,1004.7657,low_Mg
wild_type,1019.50867,low_Mg
wild_type,1020.19434,low_Mg
wild_type,1023.6546,low_Mg
wild_type,1026.618,low_Mg
wild_type,1027.8346,low_Mg
wild_type,1033.4785,low_Mg
wild_type,1034.8784,low_Mg
wild_type,1035.8252,low_Mg
wild_type,1039.2787,low_Mg
wild_type,1051.2823,low_Mg
wild_type,1053.3217,low_Mg
wild_type,1061.7416,low_Mg
wild_type,1062.9176,low_Mg
wild_type,1066.63,low_Mg
wild_type,1066.8447,low_Mg
wild_type,1070.137,low_Mg
wild_type,1070.6609,low_Mg
wild_type,1071.4825,low_Mg
wild_type,1072.7847,low_Mg
wild_type,1072.9645,low_Mg
wild_type,1110.088,low_Mg
wild_type,1114.2102,low_Mg
wild_type,1119.4478,low_Mg
wild_type,1119.9056,low_Mg
wild_type,1141.4379,low_Mg
wild_type,1160.971,low_Mg
wild_type,1167.2551,low_Mg
wild_type,1168.2372,low_Mg
wild_type,1172.8944,low_Mg
wild_type,1183.4956,low_Mg
wild_type,1193.5143,low_Mg
wild_type,1219.7867,low_Mg
wild_type,1219.9136,low_Mg
wild_type,1228.7434,low_Mg
wild_type,1249.9951,low_Mg
wild_type,1250.867,low_Mg
wild_type,1265.5856,low_Mg
wild_type,1266.0256,low_Mg
wild_type,1266.782,low_Mg
wild_type,1274.1984,low_Mg
wild_type,1281.799,low_Mg
wild_type,1292.8977,low_Mg
wild_type,1307.6372,low_Mg
wild_type,1312.5642,low_Mg
wild_type,1317.8964,low_Mg
wild_type,1345.6478,low_Mg
wild_type,1346.1766,low_Mg
wild_type,1348.9237,low_Mg
wild_type,1350.092,low_Mg
wild_type,1361.4868,low_Mg
wild_type,1364.6475,low_Mg
wild_type,1384.7097,low_Mg
wild_type,1391.8763,low_Mg
wild_type,1415.7489,low_Mg
wild_type,1463.0248,low_Mg
wild_type,1463.457,low_Mg
wild_type,1495.402,low_Mg
wild_type,1532.8911,low_Mg
wild_type,1539.3623,low_Mg
wild_type,1559.1987,low_Mg
wild_type,1576.2484,low_Mg
wild_type,1597.1903,low_Mg
wild_type,1602.4314,low_Mg
wild_type,1709.9656,low_Mg
wild_type,1794.1904,low_Mg
wild_type,1989.6174,low_Mg
wild_type,2014.4451,low_Mg
wild_type,2106.248,low_Mg
wild_type,2149.3496,low_Mg
wild_type,2327.7312,low_Mg
wild_type,2732.3965,low_Mg
wild_type,2935.0928,low_Mg
∆yoaI,647.01483,low_Mg
∆yoaI,647.2473,low_Mg
∆yoaI,649.1901,low_Mg
∆yoaI,649.2353,low_Mg
∆yoaI,650.88184,low_Mg
∆yoaI,654.675,low_Mg
∆yoaI,654.88153,low_Mg
∆yoaI,655.1314,low_Mg
∆yoaI,655.32477,low_Mg
∆yoaI,655.71796,low_Mg
∆yoaI,656.4035,low_Mg
∆yoaI,657.38043,low_Mg
∆yoaI,659.8684,low_Mg
∆yoaI,662.6681,low_Mg
∆yoaI,665.3988,low_Mg
∆yoaI,666.49414,low_Mg
∆yoaI,666.5486,low_Mg
∆yoaI,666.64435,low_Mg
∆yoaI,667.0207,low_Mg
∆yoaI,668.1011,low_Mg
∆yoaI,668.33777,low_Mg
∆yoaI,668.53253,low_Mg
∆yoaI,670.10376,low_Mg
∆yoaI,671.2655,low_Mg
∆yoaI,671.4711,low_Mg
∆yoaI,671.8043,low_Mg
∆yoaI,673.125,low_Mg
∆yoaI,673.6686,low_Mg
∆yoaI,675.3721,low_Mg
∆yoaI,679.1233,low_Mg
∆yoaI,681.08673,low_Mg
∆yoaI,682.13196,low_Mg
∆yoaI,683.6319,low_Mg
∆yoaI,684.5141,low_Mg
∆yoaI,686.02106,low_Mg
∆yoaI,687.1929,low_Mg
∆yoaI,688.7928,low_Mg
∆yoaI,690.4552,low_Mg
∆yoaI,690.8051,low_Mg
∆yoaI,695.1759,low_Mg
∆yoaI,695.6118,low_Mg
∆yoaI,697.8538,low_Mg
∆yoaI,698.5748,low_Mg
∆yoaI,699.51917,low_Mg
∆yoaI,700.74426,low_Mg
∆yoaI,705.2602,low_Mg
∆yoaI,705.8657,low_Mg
∆yoaI,709.0575,low_Mg
∆yoaI,709.2011,low_Mg
∆yoaI,710.5792,low_Mg
∆yoaI,716.0944,low_Mg
∆yoaI,716.4011,low_Mg
∆yoaI,718.195,low_Mg
∆yoaI,718.458,low_Mg
∆yoaI,719.68665,low_Mg
∆yoaI,725.32184,low_Mg
∆yoaI,726.989,low_Mg
∆yoaI,727.44183,low_Mg
∆yoaI,730.60376,low_Mg
∆yoaI,733.1916,low_Mg
∆yoaI,733.2917,low_Mg
∆yoaI,735.8599,low_Mg
∆yoaI,739.38464,low_Mg
∆yoaI,740.30304,low_Mg
∆yoaI,740.5035,low_Mg
∆yoaI,740.5411,low_Mg
∆yoaI,741.5698,low_Mg
∆yoaI,741.64764,low_Mg
∆yoaI,743.1613,low_Mg
∆yoaI,744.32983,low_Mg
∆yoaI,745.3798,low_Mg
∆yoaI,746.178,low_Mg
∆yoaI,747.6089,low_Mg
∆yoaI,747.77246,low_Mg
∆yoaI,748.6531,low_Mg
∆yoaI,749.9251,low_Mg
∆yoaI,750.21893,low_Mg
∆yoaI,751.2384,low_Mg
∆yoaI,752.3461,low_Mg
∆yoaI,753.1539,low_Mg
∆yoaI,755.6028,low_Mg
∆yoaI,756.6194,low_Mg
∆yoaI,758.17084,low_Mg
∆yoaI,758.7838,low_Mg
∆yoaI,759.2454,low_Mg
∆yoaI,759.5317,low_Mg
∆yoaI,759.6094,low_Mg
∆yoaI,759.7335,low_Mg
∆yoaI,759.925,low_Mg
∆yoaI,761.01263,low_Mg
∆yoaI,762.01624,low_Mg
∆yoaI,764.7254,low_Mg
∆yoaI,764.7846,low_Mg
∆yoaI,765.0996,low_Mg
∆yoaI,766.12317,low_Mg
∆yoaI,767.7974,low_Mg
∆yoaI,768.1553,low_Mg
∆yoaI,769.18365,low_Mg
∆yoaI,769.3461,low_Mg
∆yoaI,769.7692,low_Mg
∆yoaI,769.87976,low_Mg
∆yoaI,772.13446,low_Mg
∆yoaI,773.4914,low_Mg
∆yoaI,774.84247,low_Mg
∆yoaI,779.4925,low_Mg
∆yoaI,780.90405,low_Mg
∆yoaI,781.9704,low_Mg
∆yoaI,782.1079,low_Mg
∆yoaI,785.4138,low_Mg
∆yoaI,792.4591,low_Mg
∆yoaI,793.5323,low_Mg
∆yoaI,795.71704,low_Mg
∆yoaI,797.3414,low_Mg
∆yoaI,797.4463,low_Mg
∆yoaI,800.1878,low_Mg
∆yoaI,805.0881,low_Mg
∆yoaI,805.31006,low_Mg
∆yoaI,807.935,low_Mg
∆yoaI,808.1862,low_Mg
∆yoaI,810.7844,low_Mg
∆yoaI,812.9313,low_Mg
∆yoaI,816.832,low_Mg
∆yoaI,820.41754,low_Mg
∆yoaI,822.3333,low_Mg
∆yoaI,823.54285,low_Mg
∆yoaI,829.28125,low_Mg
∆yoaI,829.2987,low_Mg
∆yoaI,832.2094,low_Mg
∆yoaI,832.275,low_Mg
∆yoaI,834.3488,low_Mg
∆yoaI,836.24115,low_Mg
∆yoaI,838.49335,low_Mg
∆yoaI,839.95386,low_Mg
∆yoaI,840.1233,low_Mg
∆yoaI,840.2435,low_Mg
∆yoaI,840.4589,low_Mg
∆yoaI,842.3532,low_Mg
∆yoaI,842.52484,low_Mg
∆yoaI,844.0348,low_Mg
∆yoaI,845.4233,low_Mg
∆yoaI,847.17645,low_Mg
∆yoaI,853.9418,low_Mg
∆yoaI,854.53,low_Mg
∆yoaI,858.5055,low_Mg
∆yoaI,860.631,low_Mg
∆yoaI,862.87036,low_Mg
∆yoaI,863.06134,low_Mg
∆yoaI,864.9549,low_Mg
∆yoaI,865.33167,low_Mg
∆yoaI,865.5654,low_Mg
∆yoaI,866.36206,low_Mg
∆yoaI,874.0595,low_Mg
∆yoaI,874.15356,low_Mg
∆yoaI,876.7868,low_Mg
∆yoaI,882.75,low_Mg
∆yoaI,884.55554,low_Mg
∆yoaI,886.89386,low_Mg
∆yoaI,897.39465,low_Mg
∆yoaI,903.6254,low_Mg
∆yoaI,905.6731,low_Mg
∆yoaI,907.23566,low_Mg
∆yoaI,912.76794,low_Mg
∆yoaI,914.4343,low_Mg
∆yoaI,914.96173,low_Mg
∆yoaI,916.27563,low_Mg
∆yoaI,920.9042,low_Mg
∆yoaI,922.1847,low_Mg
∆yoaI,923.8,low_Mg
∆yoaI,929.90826,low_Mg
∆yoaI,930.14465,low_Mg
∆yoaI,930.15466,low_Mg
∆yoaI,930.97284,low_Mg
∆yoaI,945.2181,low_Mg
∆yoaI,947.0355,low_Mg
∆yoaI,947.39667,low_Mg
∆yoaI,949.08185,low_Mg
∆yoaI,950.3171,low_Mg
∆yoaI,950.6018,low_Mg
∆yoaI,954.66156,low_Mg
∆yoaI,954.96246,low_Mg
∆yoaI,956.0697,low_Mg
∆yoaI,956.2963,low_Mg
∆yoaI,961.88214,low_Mg
∆yoaI,968.4268,low_Mg
∆yoaI,976.77386,low_Mg
∆yoaI,994.8333,low_Mg
∆yoaI,1002.9302,low_Mg
∆yoaI,1002.9699,low_Mg
∆yoaI,1003.2432,low_Mg
∆yoaI,1006.1852,low_Mg
∆yoaI,1012.64355,low_Mg
∆yoaI,1017.7729,low_Mg
∆yoaI,1024.6973,low_Mg
∆yoaI,1028.2849,low_Mg
∆yoaI,1029.8844,low_Mg
∆yoaI,1031.4615,low_Mg
∆yoaI,1031.8334,low_Mg
∆yoaI,1035.5465,low_Mg
∆yoaI,1035.9303,low_Mg
∆yoaI,1038.0206,low_Mg
∆yoaI,1043.4377,low_Mg
∆yoaI,1048.62,low_Mg
∆yoaI,1050.0834,low_Mg
∆yoaI,1059.3444,low_Mg
∆yoaI,1061.4178,low_Mg
∆yoaI,1064.804,low_Mg
∆yoaI,1076.1793,low_Mg
∆yoaI,1079.8942,low_Mg
∆yoaI,1083.4451,low_Mg
∆yoaI,1086.3958,low_Mg
∆yoaI,1093.7311,low_Mg
∆yoaI,1120.7122,low_Mg
∆yoaI,1125.4536,low_Mg
∆yoaI,1147.9,low_Mg
∆yoaI,1150.8796,low_Mg
∆yoaI,1178.6509,low_Mg
∆yoaI,1215.2135,low_Mg
∆yoaI,1216.625,low_Mg
∆yoaI,1224.0555,low_Mg
∆yoaI,1224.8055,low_Mg
∆yoaI,1233.961,low_Mg
∆yoaI,1234.747,low_Mg
∆yoaI,1271.6587,low_Mg
∆yoaI,1293.7123,low_Mg
∆yoaI,1306.9615,low_Mg
∆yoaI,1333.2996,low_Mg
∆yoaI,1404.1111,low_Mg
∆yoaI,1532.6312,low_Mg
∆yoaI,1598.7347,low_Mg
∆yoaI,1664.48,low_Mg
∆yoaI,1702.4384,low_Mg
∆yoaI,1739.4823,low_Mg
∆yoaI,1778.4241,low_Mg
∆yoaI,1858.6364,low_Mg